cinsiyet,id,Gb,Gg,Tp,Ap,L0_bacak,L0_govde
erkek,201,3.5515,2.3463,13.8548,1.2019,66.9000,72.5000
erkek,202,4.2335,2.0229,12.6523,3.2847,69.3000,75.0000
erkek,203,3.5741,1.7260,16.3485,2.2645,63.4000,73.1000
erkek,204,2.9260,1.5239,15.0957,3.3369,64.2000,71.2000
erkek,205,3.3968,1.6285,13.2836,3.2289,58.9000,70.0000
erkek,206,3.5493,1.8542,13.5227,3.0762,65.0000,71.0000
erkek,207,3.8743,2.2741,13.6779,1.8789,60.0000,68.5000
erkek,208,2.9716,1.3409,16.4718,3.4388,64.9000,73.8000
erkek,209,3.0266,1.7817,16.2178,1.7689,64.9000,68.3000
erkek,210,3.4829,1.9043,13.5343,2.8142,70.8000,74.8000
erkek,211,3.2036,1.6434,13.2482,3.1880,62.0000,70.4000
erkek,212,2.8284,1.4237,14.2779,3.1933,63.7000,70.0000
erkek,213,4.1721,2.6565,13.1494,1.8093,65.5000,72.8000
erkek,214,2.7872,1.4899,14.9905,3.7874,61.4000,73.2000
erkek,215,4.2204,2.5903,11.3871,1.9978,65.5000,73.5000
erkek,216,3.4405,1.4712,13.2036,2.6579,68.4000,77.6000
erkek,217,3.5563,1.8012,14.8582,2.3252,62.2000,71.0000
erkek,218,3.5113,1.9404,14.9468,1.8702,61.4000,71.9000
erkek,219,3.2557,1.5647,14.5465,2.9541,59.8000,70.5000
erkek,220,3.6195,2.1876,13.1130,2.4759,63.5000,72.9000
erkek,221,3.6903,2.3979,12.2746,2.5334,67.4000,77.1000
erkek,222,3.1733,1.9163,14.3083,2.6752,59.6000,65.8000
erkek,223,3.2142,1.6960,14.9848,2.8359,62.6000,73.2000
erkek,224,3.9677,2.2992,13.5366,2.3954,65.5000,74.4000
erkek,225,3.4320,1.8293,13.4621,3.1575,64.0000,72.8000
erkek,226,4.1147,1.8811,12.7385,2.7867,66.5000,74.1000
erkek,227,3.3918,2.1186,14.8643,1.4955,66.4000,72.2000
erkek,228,3.7234,1.3833,12.2627,3.4611,67.8000,72.2000
erkek,229,3.8372,2.1238,12.7077,2.5015,65.5000,74.4000
erkek,230,4.0195,1.7379,12.9172,3.0268,67.4000,70.4000
erkek,231,3.8732,2.1684,11.6963,2.3103,66.0000,73.5000
erkek,232,3.4339,1.7441,13.5026,2.6107,61.8000,72.3000
erkek,233,3.6904,2.0107,13.6799,2.3637,64.5000,70.8000
erkek,234,2.8744,1.4095,14.0339,3.3498,59.2000,62.8000
erkek,235,3.4318,2.1319,14.0766,1.8530,61.8000,71.6000
erkek,236,3.5146,2.0948,12.4703,2.7943,66.3000,68.0000
erkek,237,4.5389,3.1679,12.3230,1.6566,66.3000,73.2000
erkek,238,3.1290,2.0417,14.6665,2.8133,60.2000,73.1000
erkek,251,3.2493,1.3696,14.6691,3.4343,64.4000,68.1000
erkek,252,3.3675,1.9038,13.2609,2.7937,60.7000,70.7000
erkek,253,3.3676,1.8020,14.4396,3.0153,62.8000,71.5000
erkek,254,3.3026,1.8489,12.5981,3.0501,60.4000,68.7000
erkek,255,3.4131,1.6433,13.4149,3.0994,61.7000,70.4000
erkek,256,3.0249,1.6796,14.7599,2.4015,60.4000,69.7000
erkek,257,3.7644,2.0860,14.9959,2.0306,63.8000,72.4000
erkek,258,3.1410,1.3444,15.1738,3.3692,66.2000,73.9000
erkek,259,3.0496,1.7131,13.8247,2.8317,60.3000,68.8000
erkek,260,3.1777,1.5997,13.8105,2.9418,62.7000,69.8000
erkek,261,3.9704,2.0375,12.5095,3.0770,71.1000,76.3000
erkek,262,3.4872,1.5491,14.1527,3.2826,64.1000,71.9000
erkek,263,3.9144,1.9293,12.2070,2.9619,65.4000,72.8000
erkek,264,2.7232,1.7316,13.9455,2.6891,58.8000,70.2000
erkek,265,3.7144,1.7509,11.5746,3.4404,66.2000,74.0000
erkek,266,3.1474,1.6315,13.7212,3.4955,60.1000,70.8000
erkek,267,3.7766,2.3286,12.7624,2.7734,68.2000,76.6000
erkek,268,2.9615,1.8461,14.2868,2.6283,63.2000,71.8000
erkek,269,3.5749,1.7787,14.1284,3.4671,61.9000,68.5000
erkek,270,3.6515,2.3468,12.8639,2.4629,58.2000,71.6000
erkek,271,3.2875,1.5527,12.4619,3.2818,61.4000,71.5000
erkek,272,4.0345,2.3001,13.9631,0.9619,68.5000,79.0000
erkek,273,3.8598,1.6148,13.0562,3.0754,66.1000,71.4000
erkek,274,3.3412,1.7087,13.1054,3.4951,60.0000,68.0000
erkek,275,3.9213,1.9728,12.2928,2.6325,68.5000,73.7000
erkek,276,3.5824,1.9200,12.0701,2.6237,68.7000,73.5000
erkek,277,3.5943,2.1926,12.2071,2.1396,66.1000,75.1000
erkek,278,3.7687,1.8248,13.4332,2.4951,62.2000,71.5000
kiz,301,2.5189,0.8690,10.5429,3.8034,63.9000,69.5000
kiz,302,3.7213,1.9470,12.0396,1.4938,63.0000,71.8000
kiz,303,3.4190,2.0140,9.9892,1.3442,66.1000,75.4000
kiz,304,3.5782,1.9633,11.8964,1.5361,65.8000,71.3000
kiz,305,3.6522,2.1852,12.5422,1.4085,63.8000,72.3000
kiz,306,4.2191,3.0344,12.3456,0.6938,63.6000,67.0000
kiz,307,3.9736,2.1056,11.8577,1.3532,64.6000,71.4000
kiz,308,3.1448,1.7980,14.3693,1.4127,61.3000,66.7000
kiz,309,3.8186,1.8767,12.2608,1.3786,62.3000,70.1000
kiz,310,4.9022,2.8706,10.7407,1.0416,75.1000,77.4000
kiz,311,3.0716,1.3853,10.9121,2.7292,65.1000,73.3000
kiz,312,3.4623,1.3206,10.9118,2.6902,65.8000,69.4000
kiz,313,3.7977,1.1379,10.9740,3.0171,68.4000,73.9000
kiz,314,3.3605,1.4961,11.0088,3.0404,59.8000,69.3000
kiz,315,3.2366,1.4687,13.6046,1.9038,64.1000,69.1000
kiz,316,1.9482,0.3000,10.2916,10.9799,68.0000,68.3000
kiz,317,3.4204,1.9184,12.0732,1.5256,64.0000,69.1000
kiz,318,2.7000,1.4233,13.6556,2.0362,58.0000,65.2000
kiz,319,3.6006,1.7123,12.8808,1.7315,65.4000,70.4000
kiz,320,4.0642,1.6542,10.9341,2.1182,67.0000,72.5000
kiz,321,3.9805,1.6817,12.7466,1.7200,68.1000,71.3000
kiz,322,3.0359,2.4881,13.2799,0.7799,55.3000,68.9000
kiz,323,4.0104,1.4752,10.2067,2.0238,63.7000,71.9000
kiz,324,3.4557,1.3795,10.7708,2.3032,66.7000,77.4000
kiz,325,3.2216,1.7398,11.8775,2.2108,56.0000,67.8000
kiz,326,3.3777,1.1173,10.4205,3.4733,62.9000,71.7000
kiz,327,4.4515,2.2788,11.9328,1.1101,63.0000,74.2000
kiz,328,4.3272,2.9157,11.6189,0.9116,67.9000,71.9000
kiz,329,2.7102,1.4572,13.0137,2.2181,59.3000,69.5000
kiz,330,4.5225,2.5016,10.9599,1.1811,63.7000,70.5000
kiz,331,3.7131,1.6181,12.3868,1.8162,66.0000,70.5000
kiz,332,3.5471,1.6542,11.8583,1.9574,65.9000,74.9000
kiz,333,3.3668,1.2823,10.9678,2.9056,62.8000,69.3000
kiz,334,3.2654,1.5168,11.1881,2.3753,64.5000,72.5000
kiz,335,3.4471,1.5447,11.5019,1.9657,60.7000,68.3000
kiz,351,4.2926,2.7150,13.5474,0.9269,65.6000,73.8000
kiz,352,3.1582,1.4398,11.9347,2.5534,59.1000,66.5000
kiz,353,3.1196,1.0137,11.3085,3.0838,65.2000,71.9000
kiz,354,1.6322,0.3077,11.0387,12.0000,63.8000,69.8000
kiz,355,3.3734,2.2720,13.3558,1.1056,56.6000,64.8000
kiz,356,3.4639,2.5293,12.6359,1.1769,61.7000,71.9000
kiz,357,3.7437,1.5123,12.1202,1.8496,63.3000,70.8000
kiz,358,1.3209,0.3000,10.1022,9.9838,64.8000,74.6000
kiz,359,3.4674,1.6778,12.8395,1.9559,66.6000,71.5000
kiz,360,2.9462,1.1103,10.9879,3.4570,63.0000,70.2000
kiz,361,3.7097,1.5651,11.5208,2.0627,67.2000,71.2000
kiz,362,3.4432,1.2305,11.2510,2.8482,68.2000,71.3000
kiz,363,3.4323,2.1405,12.2419,1.5326,61.8000,71.0000
kiz,364,3.2541,1.9417,12.8708,1.6548,62.2000,67.6000
kiz,365,4.1172,1.7125,11.2887,1.8893,69.1000,75.7000
kiz,366,4.0100,2.7080,11.7207,1.0702,66.5000,72.4000
kiz,367,3.5962,1.9526,11.0056,1.7726,65.4000,74.9000
kiz,368,4.9800,2.5452,10.2216,1.2717,67.7000,76.1000
kiz,369,3.5567,1.2545,11.0330,2.6004,63.9000,69.7000
kiz,370,3.3179,1.5857,11.7885,2.1571,58.5000,65.0000
kiz,371,3.9564,1.6504,10.7721,2.4338,65.0000,74.9000
kiz,372,3.3493,2.0876,14.1012,1.4931,64.6000,71.5000
kiz,373,3.8005,2.3021,12.2324,1.1294,64.0000,71.8000
kiz,374,3.9886,2.1320,11.4755,1.6084,60.9000,71.0000
kiz,375,3.4799,1.1364,10.8547,2.9428,65.0000,68.1000
kiz,376,3.7941,1.3220,10.8052,2.6652,60.2000,70.7000
kiz,377,4.0597,3.6703,11.1933,0.4341,56.5000,69.8000
kiz,378,4.2457,2.4034,12.7383,1.5601,66.1000,69.8000
kiz,379,4.0364,2.3832,12.4076,1.1328,65.2000,69.8000
kiz,380,3.8044,2.2568,12.3164,1.6978,63.2000,72.3000
kiz,381,2.8115,0.7842,11.8290,3.9097,65.5000,71.0000
kiz,382,3.8394,1.6073,11.6575,2.0912,65.8000,68.2000
kiz,383,3.1417,1.9063,11.1690,1.4583,65.5000,72.7000
kiz,384,3.6356,0.9362,10.8614,2.7982,64.8000,77.2000
kiz,385,4.1961,2.6574,11.2846,0.9020,68.9000,71.9000
