cinsiyet,kesme,yontem,count,mean,median
erkek,16.0000,K1 büyüme bitti,66,3.1970,2.3000
erkek,16.0000,K2 basit kural,66,0.9992,0.6248
erkek,16.0000,K3 PB1,66,4.5699,1.6903
erkek,16.0000,M mekanistik,66,1.3028,0.6501
erkek,17.0000,K1 büyüme bitti,66,1.1288,0.8500
erkek,17.0000,K2 basit kural,66,0.4687,0.3313
erkek,17.0000,K3 PB1,66,1.2152,0.5520
erkek,17.0000,M mekanistik,66,0.5104,0.3766
kiz,16.0000,K1 büyüme bitti,70,0.8429,0.7000
kiz,16.0000,K2 basit kural,70,0.4205,0.3564
kiz,16.0000,K3 PB1,70,0.9199,0.6992
kiz,16.0000,M mekanistik,70,0.6037,0.5753
kiz,17.0000,K1 büyüme bitti,70,0.3971,0.3000
kiz,17.0000,K2 basit kural,70,0.2936,0.2490
kiz,17.0000,K3 PB1,70,0.5315,0.4617
kiz,17.0000,M mekanistik,70,0.4628,0.4315
