cinsiyet,id,kesme,yontem,tahmin,gercek,mutlak_hata
erkek,206,16.0000,K1 büyüme bitti,179.8000,181.8000,2.0000
erkek,206,16.0000,K2 basit kural,182.7821,181.8000,0.9821
erkek,206,16.0000,K3 PB1,185.3887,181.8000,3.5887
erkek,206,16.0000,M mekanistik,183.3185,181.8000,1.5185
erkek,210,16.0000,K1 büyüme bitti,187.7000,190.4000,2.7000
erkek,210,16.0000,K2 basit kural,191.3637,190.4000,0.9637
erkek,210,16.0000,K3 PB1,191.1345,190.4000,0.7345
erkek,210,16.0000,M mekanistik,190.0346,190.4000,0.3654
erkek,213,16.0000,K1 büyüme bitti,183.2000,185.2000,2.0000
erkek,213,16.0000,K2 basit kural,185.2448,185.2000,0.0448
erkek,213,16.0000,K3 PB1,186.2268,185.2000,1.0268
erkek,213,16.0000,M mekanistik,185.2695,185.2000,0.0695
erkek,220,16.0000,K1 büyüme bitti,179.4000,180.2000,0.8000
erkek,220,16.0000,K2 basit kural,181.1892,180.2000,0.9892
erkek,220,16.0000,K3 PB1,182.4095,180.2000,2.2095
erkek,220,16.0000,M mekanistik,182.0604,180.2000,1.8604
erkek,221,16.0000,K1 büyüme bitti,187.1000,188.4000,1.3000
erkek,221,16.0000,K2 basit kural,188.3780,188.4000,0.0220
erkek,221,16.0000,K3 PB1,188.0067,188.4000,0.3933
erkek,221,16.0000,M mekanistik,188.4492,188.4000,0.0492
erkek,223,16.0000,K1 büyüme bitti,174.0000,180.2000,6.2000
erkek,223,16.0000,K2 basit kural,181.5829,180.2000,1.3829
erkek,223,16.0000,K3 PB1,199.5053,180.2000,19.3053
erkek,223,16.0000,M mekanistik,181.4617,180.2000,1.2617
erkek,232,16.0000,K1 büyüme bitti,173.0000,175.0000,2.0000
erkek,232,16.0000,K2 basit kural,175.2152,175.0000,0.2152
erkek,232,16.0000,K3 PB1,175.9935,175.0000,0.9935
erkek,232,16.0000,M mekanistik,175.6767,175.0000,0.6767
erkek,233,16.0000,K1 büyüme bitti,177.3000,179.9000,2.6000
erkek,233,16.0000,K2 basit kural,180.6229,179.9000,0.7229
erkek,233,16.0000,K3 PB1,183.3337,179.9000,3.4337
erkek,233,16.0000,M mekanistik,179.8363,179.9000,0.0637
erkek,235,16.0000,K1 büyüme bitti,172.8000,175.1000,2.3000
erkek,235,16.0000,K2 basit kural,176.9749,175.1000,1.8749
erkek,235,16.0000,K3 PB1,183.9214,175.1000,8.8214
erkek,235,16.0000,M mekanistik,175.7402,175.1000,0.6402
erkek,257,16.0000,K1 büyüme bitti,178.3000,185.1000,6.8000
erkek,257,16.0000,K2 basit kural,185.1161,185.1000,0.0161
erkek,257,16.0000,K3 PB1,196.2824,185.1000,11.1824
erkek,257,16.0000,M mekanistik,184.7699,185.1000,0.3301
erkek,267,16.0000,K1 büyüme bitti,190.7000,192.8000,2.1000
erkek,267,16.0000,K2 basit kural,193.0004,192.8000,0.2004
erkek,267,16.0000,K3 PB1,191.8365,192.8000,0.9635
erkek,267,16.0000,M mekanistik,192.6315,192.8000,0.1685
erkek,270,16.0000,K1 büyüme bitti,173.4000,174.1000,0.7000
erkek,270,16.0000,K2 basit kural,174.6780,174.1000,0.5780
erkek,270,16.0000,K3 PB1,176.0303,174.1000,1.9303
erkek,270,16.0000,M mekanistik,176.1205,174.1000,2.0205
erkek,272,16.0000,K1 büyüme bitti,186.2000,188.0000,1.8000
erkek,272,16.0000,K2 basit kural,188.5856,188.0000,0.5856
erkek,272,16.0000,K3 PB1,193.8748,188.0000,5.8748
erkek,272,16.0000,M mekanistik,188.6690,188.0000,0.6690
erkek,276,16.0000,K1 büyüme bitti,179.2000,180.7000,1.5000
erkek,276,16.0000,K2 basit kural,179.9668,180.7000,0.7332
erkek,276,16.0000,K3 PB1,180.2109,180.7000,0.4891
erkek,276,16.0000,M mekanistik,180.3262,180.7000,0.3738
erkek,206,17.0000,K1 büyüme bitti,181.4000,181.8000,0.4000
erkek,206,17.0000,K2 basit kural,182.3055,181.8000,0.5055
erkek,206,17.0000,K3 PB1,182.7196,181.8000,0.9196
erkek,206,17.0000,M mekanistik,182.7194,181.8000,0.9194
erkek,210,17.0000,K1 büyüme bitti,189.3000,190.4000,1.1000
erkek,210,17.0000,K2 basit kural,190.2055,190.4000,0.1945
erkek,210,17.0000,K3 PB1,190.2525,190.4000,0.1475
erkek,210,17.0000,M mekanistik,190.1533,190.4000,0.2467
erkek,213,17.0000,K1 büyüme bitti,184.7000,185.2000,0.5000
erkek,213,17.0000,K2 basit kural,185.5489,185.2000,0.3489
erkek,213,17.0000,K3 PB1,185.5740,185.2000,0.3740
erkek,213,17.0000,M mekanistik,185.2869,185.2000,0.0869
erkek,220,17.0000,K1 büyüme bitti,180.0000,180.2000,0.2000
erkek,220,17.0000,K2 basit kural,180.3395,180.2000,0.1395
erkek,220,17.0000,K3 PB1,181.0068,180.2000,0.8068
erkek,220,17.0000,M mekanistik,181.3658,180.2000,1.1658
erkek,221,17.0000,K1 büyüme bitti,187.8000,188.4000,0.6000
erkek,221,17.0000,K2 basit kural,188.1961,188.4000,0.2039
erkek,221,17.0000,K3 PB1,187.9347,188.4000,0.4653
erkek,221,17.0000,M mekanistik,188.3423,188.4000,0.0577
erkek,223,17.0000,K1 büyüme bitti,178.6000,180.2000,1.6000
erkek,223,17.0000,K2 basit kural,181.2032,180.2000,1.0032
erkek,223,17.0000,K3 PB1,184.2574,180.2000,4.0574
erkek,223,17.0000,M mekanistik,180.9610,180.2000,0.7610
erkek,232,17.0000,K1 büyüme bitti,174.2000,175.0000,0.8000
erkek,232,17.0000,K2 basit kural,174.8791,175.0000,0.1209
erkek,232,17.0000,K3 PB1,174.9613,175.0000,0.0387
erkek,232,17.0000,M mekanistik,175.2989,175.0000,0.2989
erkek,233,17.0000,K1 büyüme bitti,179.1000,179.9000,0.8000
erkek,233,17.0000,K2 basit kural,180.1186,179.9000,0.2186
erkek,233,17.0000,K3 PB1,180.6794,179.9000,0.7794
erkek,233,17.0000,M mekanistik,179.8530,179.9000,0.0470
erkek,235,17.0000,K1 büyüme bitti,174.1000,175.1000,1.0000
erkek,235,17.0000,K2 basit kural,174.8357,175.1000,0.2643
erkek,235,17.0000,K3 PB1,176.8840,175.1000,1.7840
erkek,235,17.0000,M mekanistik,175.3481,175.1000,0.2481
erkek,257,17.0000,K1 büyüme bitti,183.1000,185.1000,2.0000
erkek,257,17.0000,K2 basit kural,185.8164,185.1000,0.7164
erkek,257,17.0000,K3 PB1,191.2669,185.1000,6.1669
erkek,257,17.0000,M mekanistik,185.3529,185.1000,0.2529
erkek,267,17.0000,K1 büyüme bitti,191.7000,192.8000,1.1000
erkek,267,17.0000,K2 basit kural,192.2659,192.8000,0.5341
erkek,267,17.0000,K3 PB1,191.9258,192.8000,0.8742
erkek,267,17.0000,M mekanistik,192.5768,192.8000,0.2232
erkek,270,17.0000,K1 büyüme bitti,174.2000,174.1000,0.1000
erkek,270,17.0000,K2 basit kural,174.6527,174.1000,0.5527
erkek,270,17.0000,K3 PB1,175.0193,174.1000,0.9193
erkek,270,17.0000,M mekanistik,175.4761,174.1000,1.3761
erkek,272,17.0000,K1 büyüme bitti,186.7000,188.0000,1.3000
erkek,272,17.0000,K2 basit kural,186.9830,188.0000,1.0170
erkek,272,17.0000,K3 PB1,190.0897,188.0000,2.0897
erkek,272,17.0000,M mekanistik,187.9069,188.0000,0.0931
erkek,276,17.0000,K1 büyüme bitti,179.8000,180.7000,0.9000
erkek,276,17.0000,K2 basit kural,180.1395,180.7000,0.5605
erkek,276,17.0000,K3 PB1,179.9761,180.7000,0.7239
erkek,276,17.0000,M mekanistik,180.2757,180.7000,0.4243
kiz,303,16.0000,K1 büyüme bitti,161.9000,162.2000,0.3000
kiz,303,16.0000,K2 basit kural,162.0462,162.2000,0.1538
kiz,303,16.0000,K3 PB1,161.5743,162.2000,0.6257
kiz,303,16.0000,M mekanistik,162.1584,162.2000,0.0416
kiz,310,16.0000,K1 büyüme bitti,182.3000,183.2000,0.9000
kiz,310,16.0000,K2 basit kural,182.8118,183.2000,0.3882
kiz,310,16.0000,K3 PB1,181.6205,183.2000,1.5795
kiz,310,16.0000,M mekanistik,181.6763,183.2000,1.5237
kiz,312,16.0000,K1 büyüme bitti,164.4000,163.8000,0.6000
kiz,312,16.0000,K2 basit kural,164.4731,163.8000,0.6731
kiz,312,16.0000,K3 PB1,164.5621,163.8000,0.7621
kiz,312,16.0000,M mekanistik,164.9664,163.8000,1.1664
kiz,326,16.0000,K1 büyüme bitti,165.0000,165.2000,0.2000
kiz,326,16.0000,K2 basit kural,165.2925,165.2000,0.0925
kiz,326,16.0000,K3 PB1,164.4370,165.2000,0.7630
kiz,326,16.0000,M mekanistik,165.2792,165.2000,0.0792
kiz,331,16.0000,K1 büyüme bitti,168.0000,169.6000,1.6000
kiz,331,16.0000,K2 basit kural,168.8774,169.6000,0.7226
kiz,331,16.0000,K3 PB1,168.0860,169.6000,1.5140
kiz,331,16.0000,M mekanistik,168.9852,169.6000,0.6148
kiz,333,16.0000,K1 büyüme bitti,162.1000,162.4000,0.3000
kiz,333,16.0000,K2 basit kural,162.5387,162.4000,0.1387
kiz,333,16.0000,K3 PB1,161.8505,162.4000,0.5495
kiz,333,16.0000,M mekanistik,162.5696,162.4000,0.1696
kiz,335,16.0000,K1 büyüme bitti,156.8000,157.1000,0.3000
kiz,335,16.0000,K2 basit kural,157.0925,157.1000,0.0075
kiz,335,16.0000,K3 PB1,156.8706,157.1000,0.2294
kiz,335,16.0000,M mekanistik,157.4727,157.1000,0.3727
kiz,353,16.0000,K1 büyüme bitti,164.8000,165.6000,0.8000
kiz,353,16.0000,K2 basit kural,165.3849,165.6000,0.2151
kiz,353,16.0000,K3 PB1,164.5610,165.6000,1.0390
kiz,353,16.0000,M mekanistik,164.8592,165.6000,0.7408
kiz,357,16.0000,K1 büyüme bitti,164.3000,165.3000,1.0000
kiz,357,16.0000,K2 basit kural,164.9580,165.3000,0.3420
kiz,357,16.0000,K3 PB1,164.5211,165.3000,0.7789
kiz,357,16.0000,M mekanistik,164.5352,165.3000,0.7648
kiz,358,16.0000,K1 büyüme bitti,163.1000,163.7000,0.6000
kiz,358,16.0000,K2 basit kural,163.1731,163.7000,0.5269
kiz,358,16.0000,K3 PB1,163.3113,163.7000,0.3887
kiz,358,16.0000,M mekanistik,164.0568,163.7000,0.3568
kiz,359,16.0000,K1 büyüme bitti,172.0000,173.7000,1.7000
kiz,359,16.0000,K2 basit kural,173.1699,173.7000,0.5301
kiz,359,16.0000,K3 PB1,173.6913,173.7000,0.0087
kiz,359,16.0000,M mekanistik,172.7492,173.7000,0.9508
kiz,365,16.0000,K1 büyüme bitti,175.2000,176.0000,0.8000
kiz,365,16.0000,K2 basit kural,175.2731,176.0000,0.7269
kiz,365,16.0000,K3 PB1,176.0697,176.0000,0.0697
kiz,365,16.0000,M mekanistik,175.4005,176.0000,0.5995
kiz,373,16.0000,K1 büyüme bitti,167.1000,167.2000,0.1000
kiz,373,16.0000,K2 basit kural,167.4656,167.2000,0.2656
kiz,373,16.0000,K3 PB1,167.5011,167.2000,0.3011
kiz,373,16.0000,M mekanistik,167.9256,167.2000,0.7256
kiz,380,16.0000,K1 büyüme bitti,172.1000,173.5000,1.4000
kiz,380,16.0000,K2 basit kural,173.1236,173.5000,0.3764
kiz,380,16.0000,K3 PB1,172.8018,173.5000,0.6982
kiz,380,16.0000,M mekanistik,172.6507,173.5000,0.8493
kiz,303,17.0000,K1 büyüme bitti,161.7000,162.2000,0.5000
kiz,303,17.0000,K2 basit kural,161.6110,162.2000,0.5890
kiz,303,17.0000,K3 PB1,161.6320,162.2000,0.5680
kiz,303,17.0000,M mekanistik,162.1106,162.2000,0.0894
kiz,310,17.0000,K1 büyüme bitti,182.8000,183.2000,0.4000
kiz,310,17.0000,K2 basit kural,183.0225,183.2000,0.1775
kiz,310,17.0000,K3 PB1,182.0518,183.2000,1.1482
kiz,310,17.0000,M mekanistik,181.9713,183.2000,1.2287
kiz,312,17.0000,K1 büyüme bitti,164.1000,163.8000,0.3000
kiz,312,17.0000,K2 basit kural,163.9665,163.8000,0.1665
kiz,312,17.0000,K3 PB1,164.4441,163.8000,0.6441
kiz,312,17.0000,M mekanistik,164.8210,163.8000,1.0210
kiz,326,17.0000,K1 büyüme bitti,165.1000,165.2000,0.1000
kiz,326,17.0000,K2 basit kural,165.1445,165.2000,0.0555
kiz,326,17.0000,K3 PB1,164.6472,165.2000,0.5528
kiz,326,17.0000,M mekanistik,165.2387,165.2000,0.0387
kiz,331,17.0000,K1 büyüme bitti,169.1000,169.6000,0.5000
kiz,331,17.0000,K2 basit kural,169.5895,169.6000,0.0105
kiz,331,17.0000,K3 PB1,168.5080,169.6000,1.0920
kiz,331,17.0000,M mekanistik,168.9803,169.6000,0.6197
kiz,333,17.0000,K1 büyüme bitti,162.4000,162.4000,0.0000
kiz,333,17.0000,K2 basit kural,162.5335,162.4000,0.1335
kiz,333,17.0000,K3 PB1,162.0489,162.4000,0.3511
kiz,333,17.0000,M mekanistik,162.5339,162.4000,0.1339
kiz,335,17.0000,K1 büyüme bitti,157.0000,157.1000,0.1000
kiz,335,17.0000,K2 basit kural,157.0890,157.1000,0.0110
kiz,335,17.0000,K3 PB1,156.9166,157.1000,0.1834
kiz,335,17.0000,M mekanistik,157.3551,157.1000,0.2551
kiz,353,17.0000,K1 büyüme bitti,165.4000,165.6000,0.2000
kiz,353,17.0000,K2 basit kural,165.6670,165.6000,0.0670
kiz,353,17.0000,K3 PB1,164.9116,165.6000,0.6884
kiz,353,17.0000,M mekanistik,165.0349,165.6000,0.5651
kiz,357,17.0000,K1 büyüme bitti,165.2000,165.3000,0.1000
kiz,357,17.0000,K2 basit kural,165.6005,165.3000,0.3005
kiz,357,17.0000,K3 PB1,164.8273,165.3000,0.4727
kiz,357,17.0000,M mekanistik,164.7825,165.3000,0.5175
kiz,358,17.0000,K1 büyüme bitti,163.7000,163.7000,0.0000
kiz,358,17.0000,K2 basit kural,163.9670,163.7000,0.2670
kiz,358,17.0000,K3 PB1,163.3747,163.7000,0.3253
kiz,358,17.0000,M mekanistik,163.9396,163.7000,0.2396
kiz,359,17.0000,K1 büyüme bitti,172.9000,173.7000,0.8000
kiz,359,17.0000,K2 basit kural,173.3005,173.7000,0.3995
kiz,359,17.0000,K3 PB1,173.4403,173.7000,0.2597
kiz,359,17.0000,M mekanistik,172.9083,173.7000,0.7917
kiz,365,17.0000,K1 büyüme bitti,175.8000,176.0000,0.2000
kiz,365,17.0000,K2 basit kural,176.0670,176.0000,0.0670
kiz,365,17.0000,K3 PB1,175.9381,176.0000,0.0619
kiz,365,17.0000,M mekanistik,175.5133,176.0000,0.4867
kiz,373,17.0000,K1 büyüme bitti,167.3000,167.2000,0.1000
kiz,373,17.0000,K2 basit kural,167.3890,167.2000,0.1890
kiz,373,17.0000,K3 PB1,167.4273,167.2000,0.2273
kiz,373,17.0000,M mekanistik,167.7367,167.2000,0.5367
kiz,380,17.0000,K1 büyüme bitti,172.7000,173.5000,0.8000
kiz,380,17.0000,K2 basit kural,172.9670,173.5000,0.5330
kiz,380,17.0000,K3 PB1,172.8448,173.5000,0.6552
kiz,380,17.0000,M mekanistik,172.7983,173.5000,0.7017
erkek,204,16.0000,K1 büyüme bitti,171.5000,178.7000,7.2000
erkek,204,16.0000,K2 basit kural,178.5086,178.7000,0.1914
erkek,204,16.0000,K3 PB1,181.4359,178.7000,2.7359
erkek,204,16.0000,M mekanistik,179.9994,178.7000,1.2994
erkek,207,16.0000,K1 büyüme bitti,171.6000,172.5000,0.9000
erkek,207,16.0000,K2 basit kural,174.2496,172.5000,1.7496
erkek,207,16.0000,K3 PB1,178.5695,172.5000,6.0695
erkek,207,16.0000,M mekanistik,175.1017,172.5000,2.6017
erkek,211,16.0000,K1 büyüme bitti,171.5000,173.8000,2.3000
erkek,211,16.0000,K2 basit kural,173.8077,173.8000,0.0077
erkek,211,16.0000,K3 PB1,173.5353,173.8000,0.2647
erkek,211,16.0000,M mekanistik,173.5346,173.8000,0.2654
erkek,214,16.0000,K1 büyüme bitti,170.9000,178.4000,7.5000
erkek,214,16.0000,K2 basit kural,178.6778,178.4000,0.2778
erkek,214,16.0000,K3 PB1,181.3914,178.4000,2.9914
erkek,214,16.0000,M mekanistik,179.3758,178.4000,0.9758
erkek,216,16.0000,K1 büyüme bitti,181.6000,183.5000,1.9000
erkek,216,16.0000,K2 basit kural,183.5658,183.5000,0.0658
erkek,216,16.0000,K3 PB1,184.2019,183.5000,0.7019
erkek,216,16.0000,M mekanistik,183.0964,183.5000,0.4036
erkek,226,16.0000,K1 büyüme bitti,183.7000,185.8000,2.1000
erkek,226,16.0000,K2 basit kural,185.6658,185.8000,0.1342
erkek,226,16.0000,K3 PB1,185.8524,185.8000,0.0524
erkek,226,16.0000,M mekanistik,184.6674,185.8000,1.1326
erkek,231,16.0000,K1 büyüme bitti,177.3000,177.0000,0.3000
erkek,231,16.0000,K2 basit kural,178.0692,177.0000,1.0692
erkek,231,16.0000,K3 PB1,177.9005,177.0000,0.9005
erkek,231,16.0000,M mekanistik,178.1952,177.0000,1.1952
erkek,234,16.0000,K1 büyüme bitti,158.1000,160.9000,2.8000
erkek,234,16.0000,K2 basit kural,162.6299,160.9000,1.7299
erkek,234,16.0000,K3 PB1,164.1588,160.9000,3.2588
erkek,234,16.0000,M mekanistik,161.5374,160.9000,0.6374
erkek,236,16.0000,K1 büyüme bitti,175.5000,176.8000,1.3000
erkek,236,16.0000,K2 basit kural,177.0385,176.8000,0.2385
erkek,236,16.0000,K3 PB1,176.8067,176.8000,0.0067
erkek,236,16.0000,M mekanistik,177.0125,176.8000,0.2125
erkek,253,16.0000,K1 büyüme bitti,176.2000,181.0000,4.8000
erkek,253,16.0000,K2 basit kural,182.6958,181.0000,1.6958
erkek,253,16.0000,K3 PB1,197.3164,181.0000,16.3164
erkek,253,16.0000,M mekanistik,180.9259,181.0000,0.0741
erkek,256,16.0000,K1 büyüme bitti,166.2000,170.3000,4.1000
erkek,256,16.0000,K2 basit kural,171.7556,170.3000,1.4556
erkek,256,16.0000,K3 PB1,183.9717,170.3000,13.6717
erkek,256,16.0000,M mekanistik,173.0272,170.3000,2.7272
erkek,263,16.0000,K1 büyüme bitti,180.4000,181.3000,0.9000
erkek,263,16.0000,K2 basit kural,181.8530,181.3000,0.5530
erkek,263,16.0000,K3 PB1,181.2948,181.3000,0.0052
erkek,263,16.0000,M mekanistik,181.5372,181.3000,0.2372
erkek,271,16.0000,K1 büyüme bitti,170.4000,171.0000,0.6000
erkek,271,16.0000,K2 basit kural,171.5111,171.0000,0.5111
erkek,271,16.0000,K3 PB1,170.9000,171.0000,0.1000
erkek,271,16.0000,M mekanistik,171.9119,171.0000,0.9119
erkek,204,17.0000,K1 büyüme bitti,176.1000,178.7000,2.6000
erkek,204,17.0000,K2 basit kural,178.6419,178.7000,0.0581
erkek,204,17.0000,K3 PB1,178.2788,178.7000,0.4212
erkek,204,17.0000,M mekanistik,178.7640,178.7000,0.0640
erkek,207,17.0000,K1 büyüme bitti,172.5000,172.5000,0.0000
erkek,207,17.0000,K2 basit kural,172.9973,172.5000,0.4973
erkek,207,17.0000,K3 PB1,174.7545,172.5000,2.2545
erkek,207,17.0000,M mekanistik,174.2385,172.5000,1.7385
erkek,211,17.0000,K1 büyüme bitti,172.6000,173.8000,1.2000
erkek,211,17.0000,K2 basit kural,173.2079,173.8000,0.5921
erkek,211,17.0000,K3 PB1,173.1126,173.8000,0.6874
erkek,211,17.0000,M mekanistik,173.4584,173.8000,0.3416
erkek,214,17.0000,K1 büyüme bitti,176.0000,178.4000,2.4000
erkek,214,17.0000,K2 basit kural,178.8182,178.4000,0.4182
erkek,214,17.0000,K3 PB1,178.1655,178.4000,0.2345
erkek,214,17.0000,M mekanistik,178.7325,178.4000,0.3325
erkek,216,17.0000,K1 büyüme bitti,182.5000,183.5000,1.0000
erkek,216,17.0000,K2 basit kural,182.9973,183.5000,0.5027
erkek,216,17.0000,K3 PB1,183.2195,183.5000,0.2805
erkek,216,17.0000,M mekanistik,183.1206,183.5000,0.3794
erkek,226,17.0000,K1 büyüme bitti,185.0000,185.8000,0.8000
erkek,226,17.0000,K2 basit kural,185.7184,185.8000,0.0816
erkek,226,17.0000,K3 PB1,185.5378,185.8000,0.2622
erkek,226,17.0000,M mekanistik,185.0343,185.8000,0.7657
erkek,231,17.0000,K1 büyüme bitti,177.3000,177.0000,0.3000
erkek,231,17.0000,K2 basit kural,177.3000,177.0000,0.3000
erkek,231,17.0000,K3 PB1,177.7548,177.0000,0.7548
erkek,231,17.0000,M mekanistik,178.0453,177.0000,1.0453
erkek,234,17.0000,K1 büyüme bitti,160.0000,160.9000,0.9000
erkek,234,17.0000,K2 basit kural,161.0499,160.9000,0.1499
erkek,234,17.0000,K3 PB1,161.1357,160.9000,0.2357
erkek,234,17.0000,M mekanistik,161.2074,160.9000,0.3074
erkek,236,17.0000,K1 büyüme bitti,176.4000,176.8000,0.4000
erkek,236,17.0000,K2 basit kural,176.8973,176.8000,0.0973
erkek,236,17.0000,K3 PB1,176.7129,176.8000,0.0871
erkek,236,17.0000,M mekanistik,177.0022,176.8000,0.2022
erkek,253,17.0000,K1 büyüme bitti,179.1000,181.0000,1.9000
erkek,253,17.0000,K2 basit kural,180.7025,181.0000,0.2975
erkek,253,17.0000,K3 PB1,183.3588,181.0000,2.3588
erkek,253,17.0000,M mekanistik,180.8586,181.0000,0.1414
erkek,256,17.0000,K1 büyüme bitti,169.1000,170.3000,1.2000
erkek,256,17.0000,K2 basit kural,170.7025,170.3000,0.4025
erkek,256,17.0000,K3 PB1,172.5795,170.3000,2.2795
erkek,256,17.0000,M mekanistik,171.3120,170.3000,1.0120
erkek,263,17.0000,K1 büyüme bitti,180.9000,181.3000,0.4000
erkek,263,17.0000,K2 basit kural,181.1763,181.3000,0.1237
erkek,263,17.0000,K3 PB1,181.1991,181.3000,0.1009
erkek,263,17.0000,M mekanistik,181.4639,181.3000,0.1639
erkek,271,17.0000,K1 büyüme bitti,170.3000,171.0000,0.7000
erkek,271,17.0000,K2 basit kural,170.2447,171.0000,0.7553
erkek,271,17.0000,K3 PB1,170.7121,171.0000,0.2879
erkek,271,17.0000,M mekanistik,171.4664,171.0000,0.4664
kiz,307,16.0000,K1 büyüme bitti,166.9000,168.1000,1.2000
kiz,307,16.0000,K2 basit kural,167.4436,168.1000,0.6564
kiz,307,16.0000,K3 PB1,167.0487,168.1000,1.0513
kiz,307,16.0000,M mekanistik,167.2444,168.1000,0.8556
kiz,311,16.0000,K1 büyüme bitti,167.2000,167.0000,0.2000
kiz,311,16.0000,K2 basit kural,167.5883,167.0000,0.5883
kiz,311,16.0000,K3 PB1,167.8755,167.0000,0.8755
kiz,311,16.0000,M mekanistik,167.3232,167.0000,0.3232
kiz,318,16.0000,K1 büyüme bitti,153.0000,154.6000,1.6000
kiz,318,16.0000,K2 basit kural,154.7085,154.6000,0.1085
kiz,318,16.0000,K3 PB1,157.4620,154.6000,2.8620
kiz,318,16.0000,M mekanistik,155.2942,154.6000,0.6942
kiz,320,16.0000,K1 büyüme bitti,169.9000,170.6000,0.7000
kiz,320,16.0000,K2 basit kural,170.5213,170.6000,0.0787
kiz,320,16.0000,K3 PB1,169.8327,170.6000,0.7673
kiz,320,16.0000,M mekanistik,169.7866,170.6000,0.8134
kiz,351,16.0000,K1 büyüme bitti,180.4000,181.1000,0.7000
kiz,351,16.0000,K2 basit kural,181.5649,181.1000,0.4649
kiz,351,16.0000,K3 PB1,184.7790,181.1000,3.6790
kiz,351,16.0000,M mekanistik,182.9776,181.1000,1.8776
kiz,354,16.0000,K1 büyüme bitti,166.3000,166.7000,0.4000
kiz,354,16.0000,K2 basit kural,166.9213,166.7000,0.2213
kiz,354,16.0000,K3 PB1,165.7354,166.7000,0.9646
kiz,354,16.0000,M mekanistik,166.3711,166.7000,0.3289
kiz,361,16.0000,K1 büyüme bitti,168.3000,169.2000,0.9000
kiz,361,16.0000,K2 basit kural,168.6106,169.2000,0.5894
kiz,361,16.0000,K3 PB1,168.7639,169.2000,0.4361
kiz,361,16.0000,M mekanistik,168.6089,169.2000,0.5911
kiz,362,16.0000,K1 büyüme bitti,170.0000,170.1000,0.1000
kiz,362,16.0000,K2 basit kural,170.3883,170.1000,0.2883
kiz,362,16.0000,K3 PB1,170.6015,170.1000,0.5015
kiz,362,16.0000,M mekanistik,170.3487,170.1000,0.2487
kiz,366,16.0000,K1 büyüme bitti,170.5000,170.9000,0.4000
kiz,366,16.0000,K2 basit kural,170.9660,170.9000,0.0660
kiz,366,16.0000,K3 PB1,170.9403,170.9000,0.0403
kiz,366,16.0000,M mekanistik,171.0724,170.9000,0.1724
kiz,368,16.0000,K1 büyüme bitti,171.3000,172.0000,0.7000
kiz,368,16.0000,K2 basit kural,171.7660,172.0000,0.2340
kiz,368,16.0000,K3 PB1,170.8104,172.0000,1.1896
kiz,368,16.0000,M mekanistik,171.3645,172.0000,0.6355
kiz,370,16.0000,K1 büyüme bitti,153.6000,154.5000,0.9000
kiz,370,16.0000,K2 basit kural,154.1436,154.5000,0.3564
kiz,370,16.0000,K3 PB1,154.2920,154.5000,0.2080
kiz,370,16.0000,M mekanistik,154.2645,154.5000,0.2355
kiz,371,16.0000,K1 büyüme bitti,172.1000,172.5000,0.4000
kiz,371,16.0000,K2 basit kural,172.5660,172.5000,0.0660
kiz,371,16.0000,K3 PB1,171.6613,172.5000,0.8387
kiz,371,16.0000,M mekanistik,172.0569,172.5000,0.4431
kiz,372,16.0000,K1 büyüme bitti,173.2000,175.6000,2.4000
kiz,372,16.0000,K2 basit kural,175.9181,175.6000,0.3181
kiz,372,16.0000,K3 PB1,184.9569,175.6000,9.3569
kiz,372,16.0000,M mekanistik,176.3161,175.6000,0.7161
kiz,384,16.0000,K1 büyüme bitti,167.7000,168.6000,0.9000
kiz,384,16.0000,K2 basit kural,168.2436,168.6000,0.3564
kiz,384,16.0000,K3 PB1,167.4534,168.6000,1.1466
kiz,384,16.0000,M mekanistik,167.8078,168.6000,0.7922
kiz,307,17.0000,K1 büyüme bitti,166.7000,168.1000,1.4000
kiz,307,17.0000,K2 basit kural,166.5991,168.1000,1.5009
kiz,307,17.0000,K3 PB1,167.0214,168.1000,1.0786
kiz,307,17.0000,M mekanistik,167.1181,168.1000,0.9819
kiz,311,17.0000,K1 büyüme bitti,167.1000,167.0000,0.1000
kiz,311,17.0000,K2 basit kural,167.0496,167.0000,0.0496
kiz,311,17.0000,K3 PB1,167.6412,167.0000,0.6412
kiz,311,17.0000,M mekanistik,167.3076,167.0000,0.3076
kiz,318,17.0000,K1 büyüme bitti,154.1000,154.6000,0.5000
kiz,318,17.0000,K2 basit kural,154.6548,154.6000,0.0548
kiz,318,17.0000,K3 PB1,155.2367,154.6000,0.6367
kiz,318,17.0000,M mekanistik,154.8583,154.6000,0.2583
kiz,320,17.0000,K1 büyüme bitti,170.3000,170.6000,0.3000
kiz,320,17.0000,K2 basit kural,170.5017,170.6000,0.0983
kiz,320,17.0000,K3 PB1,170.0205,170.6000,0.5795
kiz,320,17.0000,M mekanistik,169.9219,170.6000,0.6781
kiz,351,17.0000,K1 büyüme bitti,180.2000,181.1000,0.9000
kiz,351,17.0000,K2 basit kural,180.0991,181.1000,1.0009
kiz,351,17.0000,K3 PB1,182.1460,181.1000,1.0460
kiz,351,17.0000,M mekanistik,181.8627,181.1000,0.7627
kiz,354,17.0000,K1 büyüme bitti,166.6000,166.7000,0.1000
kiz,354,17.0000,K2 basit kural,166.7513,166.7000,0.0513
kiz,354,17.0000,K3 PB1,166.0758,166.7000,0.6242
kiz,354,17.0000,M mekanistik,166.4207,166.7000,0.2793
kiz,361,17.0000,K1 büyüme bitti,168.6000,169.2000,0.6000
kiz,361,17.0000,K2 basit kural,168.7513,169.2000,0.4487
kiz,361,17.0000,K3 PB1,168.7220,169.2000,0.4780
kiz,361,17.0000,M mekanistik,168.6401,169.2000,0.5599
kiz,362,17.0000,K1 büyüme bitti,170.0000,170.1000,0.1000
kiz,362,17.0000,K2 basit kural,170.0000,170.1000,0.1000
kiz,362,17.0000,K3 PB1,170.3612,170.1000,0.2612
kiz,362,17.0000,M mekanistik,170.1932,170.1000,0.0932
kiz,366,17.0000,K1 büyüme bitti,170.5000,170.9000,0.4000
kiz,366,17.0000,K2 basit kural,170.5000,170.9000,0.4000
kiz,366,17.0000,K3 PB1,170.8005,170.9000,0.0995
kiz,366,17.0000,M mekanistik,170.9452,170.9000,0.0452
kiz,368,17.0000,K1 büyüme bitti,172.3000,172.0000,0.3000
kiz,368,17.0000,K2 basit kural,172.8043,172.0000,0.8043
kiz,368,17.0000,K3 PB1,171.1599,172.0000,0.8401
kiz,368,17.0000,M mekanistik,171.5220,172.0000,0.4780
kiz,370,17.0000,K1 büyüme bitti,154.4000,154.5000,0.1000
kiz,370,17.0000,K2 basit kural,154.8035,154.5000,0.3035
kiz,370,17.0000,K3 PB1,154.3729,154.5000,0.1271
kiz,370,17.0000,M mekanistik,154.2618,154.5000,0.2382
kiz,371,17.0000,K1 büyüme bitti,172.3000,172.5000,0.2000
kiz,371,17.0000,K2 basit kural,172.4009,172.5000,0.0991
kiz,371,17.0000,K3 PB1,171.8833,172.5000,0.6167
kiz,371,17.0000,M mekanistik,172.1445,172.5000,0.3555
kiz,372,17.0000,K1 büyüme bitti,174.9000,175.6000,0.7000
kiz,372,17.0000,K2 basit kural,175.7574,175.6000,0.1574
kiz,372,17.0000,K3 PB1,177.9420,175.6000,2.3420
kiz,372,17.0000,M mekanistik,175.8843,175.6000,0.2843
kiz,384,17.0000,K1 büyüme bitti,168.3000,168.6000,0.3000
kiz,384,17.0000,K2 basit kural,168.6026,168.6000,0.0026
kiz,384,17.0000,K3 PB1,167.7095,168.6000,0.8905
kiz,384,17.0000,M mekanistik,167.9322,168.6000,0.6678
erkek,201,16.0000,K1 büyüme bitti,176.6000,179.0000,2.4000
erkek,201,16.0000,K2 basit kural,178.4137,179.0000,0.5863
erkek,201,16.0000,K3 PB1,180.4502,179.0000,1.4502
erkek,201,16.0000,M mekanistik,178.5074,179.0000,0.4926
erkek,205,16.0000,K1 büyüme bitti,168.8000,171.5000,2.7000
erkek,205,16.0000,K2 basit kural,170.4489,171.5000,1.0511
erkek,205,16.0000,K3 PB1,171.1996,171.5000,0.3004
erkek,205,16.0000,M mekanistik,170.8644,171.5000,0.6356
erkek,225,16.0000,K1 büyüme bitti,179.2000,182.4000,3.2000
erkek,225,16.0000,K2 basit kural,182.4977,182.4000,0.0977
erkek,225,16.0000,K3 PB1,182.3256,182.4000,0.0744
erkek,225,16.0000,M mekanistik,181.3038,182.4000,1.0962
erkek,230,16.0000,K1 büyüme bitti,181.0000,183.0000,2.0000
erkek,230,16.0000,K2 basit kural,183.0611,183.0000,0.0611
erkek,230,16.0000,K3 PB1,183.8944,183.0000,0.8944
erkek,230,16.0000,M mekanistik,182.3400,183.0000,0.6600
erkek,237,16.0000,K1 büyüme bitti,185.2000,186.3000,1.1000
erkek,237,16.0000,K2 basit kural,186.3542,186.3000,0.0542
erkek,237,16.0000,K3 PB1,186.2757,186.3000,0.0243
erkek,237,16.0000,M mekanistik,186.6175,186.3000,0.3175
erkek,251,16.0000,K1 büyüme bitti,169.8000,176.4000,6.6000
erkek,251,16.0000,K2 basit kural,175.4061,176.4000,0.9939
erkek,251,16.0000,K3 PB1,180.4202,176.4000,4.0202
erkek,251,16.0000,M mekanistik,174.0203,176.4000,2.3797
erkek,254,16.0000,K1 büyüme bitti,168.8000,170.1000,1.3000
erkek,254,16.0000,K2 basit kural,170.2840,170.1000,0.1840
erkek,254,16.0000,K3 PB1,169.8580,170.1000,0.2420
erkek,254,16.0000,M mekanistik,169.9399,170.1000,0.1601
erkek,258,16.0000,K1 büyüme bitti,175.0000,182.7000,7.7000
erkek,258,16.0000,K2 basit kural,181.9252,182.7000,0.7748
erkek,258,16.0000,K3 PB1,200.3423,182.7000,17.6423
erkek,258,16.0000,M mekanistik,179.4344,182.7000,3.2656
erkek,260,16.0000,K1 büyüme bitti,170.8000,172.8000,2.0000
erkek,260,16.0000,K2 basit kural,174.6748,172.8000,1.8748
erkek,260,16.0000,K3 PB1,174.9774,172.8000,2.1774
erkek,260,16.0000,M mekanistik,173.4093,172.8000,0.6093
erkek,261,16.0000,K1 büyüme bitti,193.0000,194.3000,1.3000
erkek,261,16.0000,K2 basit kural,194.8137,194.3000,0.5137
erkek,261,16.0000,K3 PB1,194.8542,194.3000,0.5542
erkek,261,16.0000,M mekanistik,193.9472,194.3000,0.3528
erkek,266,16.0000,K1 büyüme bitti,172.2000,174.5000,2.3000
erkek,266,16.0000,K2 basit kural,175.8275,174.5000,1.3275
erkek,266,16.0000,K3 PB1,178.3241,174.5000,3.8241
erkek,266,16.0000,M mekanistik,175.3189,174.5000,0.8189
erkek,273,16.0000,K1 büyüme bitti,179.1000,180.8000,1.7000
erkek,273,16.0000,K2 basit kural,180.9962,180.8000,0.1962
erkek,273,16.0000,K3 PB1,180.9064,180.8000,0.1064
erkek,273,16.0000,M mekanistik,180.9469,180.8000,0.1469
erkek,275,16.0000,K1 büyüme bitti,182.2000,183.7000,1.5000
erkek,275,16.0000,K2 basit kural,182.9420,183.7000,0.7580
erkek,275,16.0000,K3 PB1,183.6288,183.7000,0.0712
erkek,275,16.0000,M mekanistik,183.4672,183.7000,0.2328
erkek,201,17.0000,K1 büyüme bitti,177.8000,179.0000,1.2000
erkek,201,17.0000,K2 basit kural,178.4649,179.0000,0.5351
erkek,201,17.0000,K3 PB1,178.9300,179.0000,0.0700
erkek,201,17.0000,M mekanistik,178.2920,179.0000,0.7080
erkek,205,17.0000,K1 büyüme bitti,170.9000,171.5000,0.6000
erkek,205,17.0000,K2 basit kural,172.0635,171.5000,0.5635
erkek,205,17.0000,K3 PB1,171.1253,171.5000,0.3747
erkek,205,17.0000,M mekanistik,171.0665,171.5000,0.4335
erkek,225,17.0000,K1 büyüme bitti,181.4000,182.4000,1.0000
erkek,225,17.0000,K2 basit kural,182.6189,182.4000,0.2189
erkek,225,17.0000,K3 PB1,182.0895,182.4000,0.3105
erkek,225,17.0000,M mekanistik,181.7530,182.4000,0.6470
erkek,230,17.0000,K1 büyüme bitti,182.2000,183.0000,0.8000
erkek,230,17.0000,K2 basit kural,182.8649,183.0000,0.1351
erkek,230,17.0000,K3 PB1,183.0452,183.0000,0.0452
erkek,230,17.0000,M mekanistik,182.6262,183.0000,0.3738
erkek,237,17.0000,K1 büyüme bitti,186.0000,186.3000,0.3000
erkek,237,17.0000,K2 basit kural,186.4433,186.3000,0.1433
erkek,237,17.0000,K3 PB1,186.2224,186.3000,0.0776
erkek,237,17.0000,M mekanistik,186.5429,186.3000,0.2429
erkek,251,17.0000,K1 büyüme bitti,173.5000,176.4000,2.9000
erkek,251,17.0000,K2 basit kural,175.5500,176.4000,0.8500
erkek,251,17.0000,K3 PB1,176.1183,176.4000,0.2817
erkek,251,17.0000,M mekanistik,174.6418,176.4000,1.7582
erkek,254,17.0000,K1 büyüme bitti,169.7000,170.1000,0.4000
erkek,254,17.0000,K2 basit kural,170.1987,170.1000,0.0987
erkek,254,17.0000,K3 PB1,169.8990,170.1000,0.2010
erkek,254,17.0000,M mekanistik,170.0133,170.1000,0.0867
erkek,258,17.0000,K1 büyüme bitti,180.5000,182.7000,2.2000
erkek,258,17.0000,K2 basit kural,183.5474,182.7000,0.8474
erkek,258,17.0000,K3 PB1,187.3504,182.7000,4.6504
erkek,258,17.0000,M mekanistik,182.1387,182.7000,0.5613
erkek,260,17.0000,K1 büyüme bitti,172.2000,172.8000,0.6000
erkek,260,17.0000,K2 basit kural,172.9757,172.8000,0.1757
erkek,260,17.0000,K3 PB1,173.3278,172.8000,0.5278
erkek,260,17.0000,M mekanistik,173.3354,172.8000,0.5354
erkek,261,17.0000,K1 büyüme bitti,194.0000,194.3000,0.3000
erkek,261,17.0000,K2 basit kural,194.5541,194.3000,0.2541
erkek,261,17.0000,K3 PB1,194.5183,194.3000,0.2183
erkek,261,17.0000,M mekanistik,194.1828,194.3000,0.1172
erkek,266,17.0000,K1 büyüme bitti,173.5000,174.5000,1.0000
erkek,266,17.0000,K2 basit kural,174.2203,174.5000,0.2797
erkek,266,17.0000,K3 PB1,174.8389,174.5000,0.3389
erkek,266,17.0000,M mekanistik,174.8643,174.5000,0.3643
erkek,273,17.0000,K1 büyüme bitti,180.1000,180.8000,0.7000
erkek,273,17.0000,K2 basit kural,180.6541,180.8000,0.1459
erkek,273,17.0000,K3 PB1,180.5419,180.8000,0.2581
erkek,273,17.0000,M mekanistik,180.8223,180.8000,0.0223
erkek,275,17.0000,K1 büyüme bitti,183.1000,183.7000,0.6000
erkek,275,17.0000,K2 basit kural,183.5987,183.7000,0.1013
erkek,275,17.0000,K3 PB1,183.3991,183.7000,0.3009
erkek,275,17.0000,M mekanistik,183.5021,183.7000,0.1979
kiz,301,16.0000,K1 büyüme bitti,158.6000,158.9000,0.3000
kiz,301,16.0000,K2 basit kural,158.9096,158.9000,0.0096
kiz,301,16.0000,K3 PB1,158.4026,158.9000,0.4974
kiz,301,16.0000,M mekanistik,158.9017,158.9000,0.0017
kiz,305,16.0000,K1 büyüme bitti,169.4000,170.9000,1.5000
kiz,305,16.0000,K2 basit kural,170.2515,170.9000,0.6485
kiz,305,16.0000,K3 PB1,171.1264,170.9000,0.2264
kiz,305,16.0000,M mekanistik,170.3302,170.9000,0.5698
kiz,308,16.0000,K1 büyüme bitti,161.6000,164.0000,2.4000
kiz,308,16.0000,K2 basit kural,164.4640,164.0000,0.4640
kiz,308,16.0000,K3 PB1,167.6249,164.0000,3.6249
kiz,308,16.0000,M mekanistik,164.8536,164.0000,0.8536
kiz,309,16.0000,K1 büyüme bitti,162.6000,163.3000,0.7000
kiz,309,16.0000,K2 basit kural,162.8322,163.3000,0.4678
kiz,309,16.0000,K3 PB1,162.9069,163.3000,0.3931
kiz,309,16.0000,M mekanistik,163.0733,163.3000,0.2267
kiz,316,16.0000,K1 büyüme bitti,168.1000,168.1000,0.0000
kiz,316,16.0000,K2 basit kural,167.7130,168.1000,0.3870
kiz,316,16.0000,K3 PB1,168.8177,168.1000,0.7177
kiz,316,16.0000,M mekanistik,169.0809,168.1000,0.9809
kiz,317,16.0000,K1 büyüme bitti,162.7000,163.0000,0.3000
kiz,317,16.0000,K2 basit kural,163.1644,163.0000,0.1644
kiz,317,16.0000,K3 PB1,162.9916,163.0000,0.0084
kiz,317,16.0000,M mekanistik,162.7888,163.0000,0.2112
kiz,330,16.0000,K1 büyüme bitti,163.1000,163.8000,0.7000
kiz,330,16.0000,K2 basit kural,163.1774,163.8000,0.6226
kiz,330,16.0000,K3 PB1,163.2247,163.8000,0.5753
kiz,330,16.0000,M mekanistik,163.2192,163.8000,0.5808
kiz,352,16.0000,K1 büyüme bitti,157.1000,158.4000,1.3000
kiz,352,16.0000,K2 basit kural,158.0289,158.4000,0.3711
kiz,352,16.0000,K3 PB1,157.6329,158.4000,0.7671
kiz,352,16.0000,M mekanistik,157.4183,158.4000,0.9817
kiz,360,16.0000,K1 büyüme bitti,163.3000,163.9000,0.6000
kiz,360,16.0000,K2 basit kural,163.9966,163.9000,0.0966
kiz,360,16.0000,K3 PB1,162.9679,163.9000,0.9321
kiz,360,16.0000,M mekanistik,163.0967,163.9000,0.8033
kiz,363,16.0000,K1 büyüme bitti,164.8000,166.0000,1.2000
kiz,363,16.0000,K2 basit kural,165.2644,166.0000,0.7356
kiz,363,16.0000,K3 PB1,165.8099,166.0000,0.1901
kiz,363,16.0000,M mekanistik,165.5016,166.0000,0.4984
kiz,364,16.0000,K1 büyüme bitti,163.0000,164.2000,1.2000
kiz,364,16.0000,K2 basit kural,164.3159,164.2000,0.1159
kiz,364,16.0000,K3 PB1,164.6449,164.2000,0.4449
kiz,364,16.0000,M mekanistik,163.7188,164.2000,0.4812
kiz,369,16.0000,K1 büyüme bitti,162.6000,163.0000,0.4000
kiz,369,16.0000,K2 basit kural,163.5289,163.0000,0.5289
kiz,369,16.0000,K3 PB1,162.6102,163.0000,0.3898
kiz,369,16.0000,M mekanistik,162.0924,163.0000,0.9076
kiz,375,16.0000,K1 büyüme bitti,161.6000,162.1000,0.5000
kiz,375,16.0000,K2 basit kural,161.9870,162.1000,0.1130
kiz,375,16.0000,K3 PB1,161.6283,162.1000,0.4717
kiz,375,16.0000,M mekanistik,161.9184,162.1000,0.1816
kiz,383,16.0000,K1 büyüme bitti,162.7000,162.8000,0.1000
kiz,383,16.0000,K2 basit kural,162.9322,162.8000,0.1322
kiz,383,16.0000,K3 PB1,163.2192,162.8000,0.4192
kiz,383,16.0000,M mekanistik,163.1991,162.8000,0.3991
kiz,301,17.0000,K1 büyüme bitti,158.7000,158.9000,0.2000
kiz,301,17.0000,K2 basit kural,158.7424,158.9000,0.1576
kiz,301,17.0000,K3 PB1,158.5067,158.9000,0.3933
kiz,301,17.0000,M mekanistik,158.8586,158.9000,0.0414
kiz,305,17.0000,K1 büyüme bitti,170.4000,170.9000,0.5000
kiz,305,17.0000,K2 basit kural,170.8236,170.9000,0.0764
kiz,305,17.0000,K3 PB1,170.8140,170.9000,0.0860
kiz,305,17.0000,M mekanistik,170.4208,170.9000,0.4792
kiz,308,17.0000,K1 büyüme bitti,163.0000,164.0000,1.0000
kiz,308,17.0000,K2 basit kural,163.5931,164.0000,0.4069
kiz,308,17.0000,K3 PB1,164.7879,164.0000,0.7879
kiz,308,17.0000,M mekanistik,164.1557,164.0000,0.1557
kiz,309,17.0000,K1 büyüme bitti,163.0000,163.3000,0.3000
kiz,309,17.0000,K2 basit kural,163.1695,163.3000,0.1305
kiz,309,17.0000,K3 PB1,162.9049,163.3000,0.3951
kiz,309,17.0000,M mekanistik,163.1141,163.3000,0.1859
kiz,316,17.0000,K1 büyüme bitti,167.8000,168.1000,0.3000
kiz,316,17.0000,K2 basit kural,167.6729,168.1000,0.4271
kiz,316,17.0000,K3 PB1,168.5089,168.1000,0.4089
kiz,316,17.0000,M mekanistik,168.3739,168.1000,0.2739
kiz,317,17.0000,K1 büyüme bitti,163.4000,163.0000,0.4000
kiz,317,17.0000,K2 basit kural,163.6965,163.0000,0.6965
kiz,317,17.0000,K3 PB1,163.1431,163.0000,0.1431
kiz,317,17.0000,M mekanistik,162.9898,163.0000,0.0102
kiz,330,17.0000,K1 büyüme bitti,163.6000,163.8000,0.2000
kiz,330,17.0000,K2 basit kural,163.8118,163.8000,0.0118
kiz,330,17.0000,K3 PB1,163.3265,163.8000,0.4735
kiz,330,17.0000,M mekanistik,163.3560,163.8000,0.4440
kiz,352,17.0000,K1 büyüme bitti,157.7000,158.4000,0.7000
kiz,352,17.0000,K2 basit kural,157.9542,158.4000,0.4458
kiz,352,17.0000,K3 PB1,157.7550,158.4000,0.6450
kiz,352,17.0000,M mekanistik,157.5396,158.4000,0.8604
kiz,360,17.0000,K1 büyüme bitti,163.5000,163.9000,0.4000
kiz,360,17.0000,K2 basit kural,163.5847,163.9000,0.3153
kiz,360,17.0000,K3 PB1,163.2039,163.9000,0.6961
kiz,360,17.0000,M mekanistik,163.2439,163.9000,0.6561
kiz,363,17.0000,K1 büyüme bitti,165.4000,166.0000,0.6000
kiz,363,17.0000,K2 basit kural,165.6542,166.0000,0.3458
kiz,363,17.0000,K3 PB1,165.6292,166.0000,0.3708
kiz,363,17.0000,M mekanistik,165.4026,166.0000,0.5974
kiz,364,17.0000,K1 büyüme bitti,163.6000,164.2000,0.6000
kiz,364,17.0000,K2 basit kural,163.8542,164.2000,0.3458
kiz,364,17.0000,K3 PB1,164.1537,164.2000,0.0463
kiz,364,17.0000,M mekanistik,163.7291,164.2000,0.4709
kiz,369,17.0000,K1 büyüme bitti,162.6000,163.0000,0.4000
kiz,369,17.0000,K2 basit kural,162.6000,163.0000,0.4000
kiz,369,17.0000,K3 PB1,162.6719,163.0000,0.3281
kiz,369,17.0000,M mekanistik,162.2424,163.0000,0.7576
kiz,375,17.0000,K1 büyüme bitti,162.0000,162.1000,0.1000
kiz,375,17.0000,K2 basit kural,162.1695,162.1000,0.0695
kiz,375,17.0000,K3 PB1,161.7640,162.1000,0.3360
kiz,375,17.0000,M mekanistik,161.9575,162.1000,0.1425
kiz,383,17.0000,K1 büyüme bitti,162.6000,162.8000,0.2000
kiz,383,17.0000,K2 basit kural,162.5576,162.8000,0.2424
kiz,383,17.0000,K3 PB1,163.0403,162.8000,0.2403
kiz,383,17.0000,M mekanistik,163.0421,162.8000,0.2421
erkek,203,16.0000,K1 büyüme bitti,172.0000,183.7000,11.7000
erkek,203,16.0000,K2 basit kural,176.6287,183.7000,7.0713
erkek,203,16.0000,K3 PB1,198.8671,183.7000,15.1671
erkek,203,16.0000,M mekanistik,203.2499,183.7000,19.5499
erkek,208,16.0000,K1 büyüme bitti,167.3000,181.6000,14.3000
erkek,208,16.0000,K2 basit kural,171.0940,181.6000,10.5060
erkek,208,16.0000,K3 PB1,186.6988,181.6000,5.0988
erkek,208,16.0000,M mekanistik,172.3087,181.6000,9.2913
erkek,215,16.0000,K1 büyüme bitti,177.0000,177.6000,0.6000
erkek,215,16.0000,K2 basit kural,177.3794,177.6000,0.2206
erkek,215,16.0000,K3 PB1,177.2505,177.6000,0.3495
erkek,215,16.0000,M mekanistik,177.5289,177.6000,0.0711
erkek,217,16.0000,K1 büyüme bitti,173.3000,178.1000,4.8000
erkek,217,16.0000,K2 basit kural,178.7634,178.1000,0.6634
erkek,217,16.0000,K3 PB1,194.3978,178.1000,16.2978
erkek,217,16.0000,M mekanistik,179.7661,178.1000,1.6661
erkek,218,16.0000,K1 büyüme bitti,172.1000,177.0000,4.9000
erkek,218,16.0000,K2 basit kural,177.3358,177.0000,0.3358
erkek,218,16.0000,K3 PB1,195.5664,177.0000,18.5664
erkek,218,16.0000,M mekanistik,178.2117,177.0000,1.2117
erkek,224,16.0000,K1 büyüme bitti,186.1000,189.0000,2.9000
erkek,224,16.0000,K2 basit kural,189.1352,189.0000,0.1352
erkek,224,16.0000,K3 PB1,193.1389,189.0000,4.1389
erkek,224,16.0000,M mekanistik,188.7338,189.0000,0.2662
erkek,227,16.0000,K1 büyüme bitti,176.6000,180.7000,4.1000
erkek,227,16.0000,K2 basit kural,180.2423,180.7000,0.4577
erkek,227,16.0000,K3 PB1,194.1375,180.7000,13.4375
erkek,227,16.0000,M mekanistik,182.9748,180.7000,2.2748
erkek,238,16.0000,K1 büyüme bitti,174.1000,180.4000,6.3000
erkek,238,16.0000,K2 basit kural,179.3358,180.4000,1.0642
erkek,238,16.0000,K3 PB1,190.8367,180.4000,10.4367
erkek,238,16.0000,M mekanistik,178.8525,180.4000,1.5475
erkek,252,16.0000,K1 büyüme bitti,171.9000,174.0000,2.1000
erkek,252,16.0000,K2 basit kural,173.9488,174.0000,0.0512
erkek,252,16.0000,K3 PB1,176.9278,174.0000,2.9278
erkek,252,16.0000,M mekanistik,174.1929,174.0000,0.1929
erkek,262,16.0000,K1 büyüme bitti,177.4000,181.1000,3.7000
erkek,262,16.0000,K2 basit kural,181.8011,181.1000,0.7011
erkek,262,16.0000,K3 PB1,182.3740,181.1000,1.2740
erkek,262,16.0000,M mekanistik,181.4296,181.1000,0.3296
erkek,265,16.0000,K1 büyüme bitti,179.9000,180.7000,0.8000
erkek,265,16.0000,K2 basit kural,180.5070,180.7000,0.1930
erkek,265,16.0000,K3 PB1,179.9602,180.7000,0.7398
erkek,265,16.0000,M mekanistik,180.8080,180.7000,0.1080
erkek,268,16.0000,K1 büyüme bitti,172.8000,176.4000,3.6000
erkek,268,16.0000,K2 basit kural,176.5940,176.4000,0.1940
erkek,268,16.0000,K3 PB1,183.4285,176.4000,7.0285
erkek,268,16.0000,M mekanistik,177.3187,176.4000,0.9187
erkek,278,16.0000,K1 büyüme bitti,174.7000,176.4000,1.7000
erkek,278,16.0000,K2 basit kural,177.5076,176.4000,1.1076
erkek,278,16.0000,K3 PB1,180.9401,176.4000,4.5401
erkek,278,16.0000,M mekanistik,176.2985,176.4000,0.1015
erkek,203,17.0000,K1 büyüme bitti,178.4000,183.7000,5.3000
erkek,203,17.0000,K2 basit kural,181.5310,183.7000,2.1690
erkek,203,17.0000,K3 PB1,187.5392,183.7000,3.8392
erkek,203,17.0000,M mekanistik,185.1248,183.7000,1.4248
erkek,208,17.0000,K1 büyüme bitti,174.9000,181.6000,6.7000
erkek,208,17.0000,K2 basit kural,178.6181,181.6000,2.9819
erkek,208,17.0000,K3 PB1,184.5182,181.6000,2.9182
erkek,208,17.0000,M mekanistik,180.9304,181.6000,0.6696
erkek,215,17.0000,K1 büyüme bitti,177.3000,177.6000,0.3000
erkek,215,17.0000,K2 basit kural,177.4468,177.6000,0.1532
erkek,215,17.0000,K3 PB1,177.2830,177.6000,0.3170
erkek,215,17.0000,M mekanistik,177.6797,177.6000,0.0797
erkek,217,17.0000,K1 büyüme bitti,176.0000,178.1000,2.1000
erkek,217,17.0000,K2 basit kural,177.3209,178.1000,0.7791
erkek,217,17.0000,K3 PB1,180.6087,178.1000,2.5087
erkek,217,17.0000,M mekanistik,178.4570,178.1000,0.3570
erkek,218,17.0000,K1 büyüme bitti,176.4000,177.0000,0.6000
erkek,218,17.0000,K2 basit kural,178.5036,177.0000,1.5036
erkek,218,17.0000,K3 PB1,182.2501,177.0000,5.2501
erkek,218,17.0000,M mekanistik,178.2214,177.0000,1.2214
erkek,224,17.0000,K1 büyüme bitti,188.0000,189.0000,1.0000
erkek,224,17.0000,K2 basit kural,188.9295,189.0000,0.0705
erkek,224,17.0000,K3 PB1,190.1134,189.0000,1.1134
erkek,224,17.0000,M mekanistik,188.8841,189.0000,0.1159
erkek,227,17.0000,K1 büyüme bitti,179.6000,180.7000,1.1000
erkek,227,17.0000,K2 basit kural,181.0677,180.7000,0.3677
erkek,227,17.0000,K3 PB1,185.1551,180.7000,4.4551
erkek,227,17.0000,M mekanistik,181.7526,180.7000,1.0526
erkek,238,17.0000,K1 büyüme bitti,178.5000,180.4000,1.9000
erkek,238,17.0000,K2 basit kural,180.6526,180.4000,0.2526
erkek,238,17.0000,K3 PB1,182.3741,180.4000,1.9741
erkek,238,17.0000,M mekanistik,179.9447,180.4000,0.4553
erkek,252,17.0000,K1 büyüme bitti,173.4000,174.0000,0.6000
erkek,252,17.0000,K2 basit kural,174.1338,174.0000,0.1338
erkek,252,17.0000,K3 PB1,174.7529,174.0000,0.7529
erkek,252,17.0000,M mekanistik,174.1860,174.0000,0.1860
erkek,262,17.0000,K1 büyüme bitti,180.0000,181.1000,1.1000
erkek,262,17.0000,K2 basit kural,181.2720,181.1000,0.1720
erkek,262,17.0000,K3 PB1,181.0225,181.1000,0.0775
erkek,262,17.0000,M mekanistik,181.3233,181.1000,0.2233
erkek,265,17.0000,K1 büyüme bitti,180.6000,180.7000,0.1000
erkek,265,17.0000,K2 basit kural,180.9425,180.7000,0.2425
erkek,265,17.0000,K3 PB1,180.2182,180.7000,0.4818
erkek,265,17.0000,M mekanistik,180.8576,180.7000,0.1576
erkek,268,17.0000,K1 büyüme bitti,175.5000,176.4000,0.9000
erkek,268,17.0000,K2 basit kural,176.8209,176.4000,0.4209
erkek,268,17.0000,K3 PB1,177.8298,176.4000,1.4298
erkek,268,17.0000,M mekanistik,177.0590,176.4000,0.6590
erkek,278,17.0000,K1 büyüme bitti,176.1000,176.4000,0.3000
erkek,278,17.0000,K2 basit kural,176.7849,176.4000,0.3849
erkek,278,17.0000,K3 PB1,178.0662,176.4000,1.6662
erkek,278,17.0000,M mekanistik,176.7109,176.4000,0.3109
kiz,304,16.0000,K1 büyüme bitti,167.2000,167.8000,0.6000
kiz,304,16.0000,K2 basit kural,167.7126,167.8000,0.0874
kiz,304,16.0000,K3 PB1,167.8745,167.8000,0.0745
kiz,304,16.0000,M mekanistik,167.6426,167.8000,0.1574
kiz,306,16.0000,K1 büyüme bitti,164.2000,164.9000,0.7000
kiz,306,16.0000,K2 basit kural,164.4929,164.9000,0.4071
kiz,306,16.0000,K3 PB1,164.7034,164.9000,0.1966
kiz,306,16.0000,M mekanistik,164.1655,164.9000,0.7345
kiz,313,16.0000,K1 büyüme bitti,173.1000,174.0000,0.9000
kiz,313,16.0000,K2 basit kural,173.4662,174.0000,0.5338
kiz,313,16.0000,K3 PB1,172.7928,174.0000,1.2072
kiz,313,16.0000,M mekanistik,173.2094,174.0000,0.7906
kiz,324,16.0000,K1 büyüme bitti,170.3000,170.8000,0.5000
kiz,324,16.0000,K2 basit kural,170.6662,170.8000,0.1338
kiz,324,16.0000,K3 PB1,170.3234,170.8000,0.4766
kiz,324,16.0000,M mekanistik,170.6258,170.8000,0.1742
kiz,325,16.0000,K1 büyüme bitti,156.2000,156.5000,0.3000
kiz,325,16.0000,K2 basit kural,156.7859,156.5000,0.2859
kiz,325,16.0000,K3 PB1,156.5992,156.5000,0.0992
kiz,325,16.0000,M mekanistik,156.7418,156.5000,0.2418
kiz,328,16.0000,K1 büyüme bitti,171.5000,171.2000,0.3000
kiz,328,16.0000,K2 basit kural,172.1591,171.2000,0.9591
kiz,328,16.0000,K3 PB1,171.3817,171.2000,0.1817
kiz,328,16.0000,M mekanistik,172.1872,171.2000,0.9872
kiz,329,16.0000,K1 büyüme bitti,158.7000,160.4000,1.7000
kiz,329,16.0000,K2 basit kural,160.1646,160.4000,0.2354
kiz,329,16.0000,K3 PB1,161.3494,160.4000,0.9494
kiz,329,16.0000,M mekanistik,159.5435,160.4000,0.8565
kiz,332,16.0000,K1 büyüme bitti,170.4000,172.7000,2.3000
kiz,332,16.0000,K2 basit kural,170.4000,172.7000,2.3000
kiz,332,16.0000,K3 PB1,171.0131,172.7000,1.6869
kiz,332,16.0000,M mekanistik,171.5567,172.7000,1.1433
kiz,367,16.0000,K1 büyüme bitti,168.8000,169.2000,0.4000
kiz,367,16.0000,K2 basit kural,169.2394,169.2000,0.0394
kiz,367,16.0000,K3 PB1,169.0957,169.2000,0.1043
kiz,367,16.0000,M mekanistik,168.8403,169.2000,0.3597
kiz,374,16.0000,K1 büyüme bitti,163.6000,164.0000,0.4000
kiz,374,16.0000,K2 basit kural,164.1859,164.0000,0.1859
kiz,374,16.0000,K3 PB1,163.1699,164.0000,0.8301
kiz,374,16.0000,M mekanistik,163.7310,164.0000,0.2690
kiz,378,16.0000,K1 büyüme bitti,176.1000,177.5000,1.4000
kiz,378,16.0000,K2 basit kural,176.9055,177.5000,0.5945
kiz,378,16.0000,K3 PB1,177.0044,177.5000,0.4956
kiz,378,16.0000,M mekanistik,177.3969,177.5000,0.1031
kiz,379,16.0000,K1 büyüme bitti,168.1000,169.8000,1.7000
kiz,379,16.0000,K2 basit kural,168.6126,169.8000,1.1874
kiz,379,16.0000,K3 PB1,169.0910,169.8000,0.7090
kiz,379,16.0000,M mekanistik,169.4312,169.8000,0.3688
kiz,381,16.0000,K1 büyüme bitti,164.8000,166.8000,2.0000
kiz,381,16.0000,K2 basit kural,165.6055,166.8000,1.1945
kiz,381,16.0000,K3 PB1,164.8481,166.8000,1.9519
kiz,381,16.0000,M mekanistik,165.0829,166.8000,1.7171
kiz,385,16.0000,K1 büyüme bitti,168.5000,169.2000,0.7000
kiz,385,16.0000,K2 basit kural,168.7929,169.2000,0.4071
kiz,385,16.0000,K3 PB1,168.5779,169.2000,0.6221
kiz,385,16.0000,M mekanistik,168.8528,169.2000,0.3472
kiz,304,17.0000,K1 büyüme bitti,167.4000,167.8000,0.4000
kiz,304,17.0000,K2 basit kural,167.4778,167.8000,0.3222
kiz,304,17.0000,K3 PB1,167.7210,167.8000,0.0790
kiz,304,17.0000,M mekanistik,167.5511,167.8000,0.2489
kiz,306,17.0000,K1 büyüme bitti,164.4000,164.9000,0.5000
kiz,306,17.0000,K2 basit kural,164.4778,164.9000,0.4222
kiz,306,17.0000,K3 PB1,164.6196,164.9000,0.2804
kiz,306,17.0000,M mekanistik,164.2730,164.9000,0.6270
kiz,313,17.0000,K1 büyüme bitti,173.6000,174.0000,0.4000
kiz,313,17.0000,K2 basit kural,173.7946,174.0000,0.2054
kiz,313,17.0000,K3 PB1,173.0589,174.0000,0.9411
kiz,313,17.0000,M mekanistik,173.3393,174.0000,0.6607
kiz,324,17.0000,K1 büyüme bitti,170.6000,170.8000,0.2000
kiz,324,17.0000,K2 basit kural,170.7167,170.8000,0.0833
kiz,324,17.0000,K3 PB1,170.4165,170.8000,0.3835
kiz,324,17.0000,M mekanistik,170.6145,170.8000,0.1855
kiz,325,17.0000,K1 büyüme bitti,156.6000,156.5000,0.1000
kiz,325,17.0000,K2 basit kural,156.7556,156.5000,0.2556
kiz,325,17.0000,K3 PB1,156.6382,156.5000,0.1382
kiz,325,17.0000,M mekanistik,156.7801,156.5000,0.2801
kiz,328,17.0000,K1 büyüme bitti,171.5000,171.2000,0.3000
kiz,328,17.0000,K2 basit kural,171.5000,171.2000,0.3000
kiz,328,17.0000,K3 PB1,171.4443,171.2000,0.2443
kiz,328,17.0000,M mekanistik,172.0141,171.2000,0.8141
kiz,329,17.0000,K1 büyüme bitti,159.9000,160.4000,0.5000
kiz,329,17.0000,K2 basit kural,160.3669,160.4000,0.0331
kiz,329,17.0000,K3 PB1,160.5880,160.4000,0.1880
kiz,329,17.0000,M mekanistik,159.7479,160.4000,0.6521
kiz,332,17.0000,K1 büyüme bitti,171.5000,172.7000,1.2000
kiz,332,17.0000,K2 basit kural,171.9280,172.7000,0.7720
kiz,332,17.0000,K3 PB1,171.1364,172.7000,1.5636
kiz,332,17.0000,M mekanistik,171.5973,172.7000,1.1027
kiz,367,17.0000,K1 büyüme bitti,168.9000,169.2000,0.3000
kiz,367,17.0000,K2 basit kural,168.9389,169.2000,0.2611
kiz,367,17.0000,K3 PB1,169.0574,169.2000,0.1426
kiz,367,17.0000,M mekanistik,168.9360,169.2000,0.2640
kiz,374,17.0000,K1 büyüme bitti,164.3000,164.0000,0.3000
kiz,374,17.0000,K2 basit kural,164.5724,164.0000,0.5724
kiz,374,17.0000,K3 PB1,163.5494,164.0000,0.4506
kiz,374,17.0000,M mekanistik,163.9204,164.0000,0.0796
kiz,378,17.0000,K1 büyüme bitti,176.9000,177.5000,0.6000
kiz,378,17.0000,K2 basit kural,177.2113,177.5000,0.2887
kiz,378,17.0000,K3 PB1,176.9778,177.5000,0.5222
kiz,378,17.0000,M mekanistik,177.3209,177.5000,0.1791
kiz,379,17.0000,K1 büyüme bitti,168.9000,169.8000,0.9000
kiz,379,17.0000,K2 basit kural,169.2113,169.8000,0.5887
kiz,379,17.0000,K3 PB1,169.0073,169.8000,0.7927
kiz,379,17.0000,M mekanistik,169.2858,169.8000,0.5142
kiz,381,17.0000,K1 büyüme bitti,166.0000,166.8000,0.8000
kiz,381,17.0000,K2 basit kural,166.4669,166.8000,0.3331
kiz,381,17.0000,K3 PB1,165.3628,166.8000,1.4372
kiz,381,17.0000,M mekanistik,165.3941,166.8000,1.4059
kiz,385,17.0000,K1 büyüme bitti,168.6000,169.2000,0.6000
kiz,385,17.0000,K2 basit kural,168.6389,169.2000,0.5611
kiz,385,17.0000,K3 PB1,168.5896,169.2000,0.6104
kiz,385,17.0000,M mekanistik,168.7821,169.2000,0.4179
erkek,202,16.0000,K1 büyüme bitti,192.8000,195.1000,2.3000
erkek,202,16.0000,K2 basit kural,194.0448,195.1000,1.0552
erkek,202,16.0000,K3 PB1,194.3164,195.1000,0.7836
erkek,202,16.0000,M mekanistik,195.3211,195.1000,0.2211
erkek,209,16.0000,K1 büyüme bitti,164.8000,174.6000,9.8000
erkek,209,16.0000,K2 basit kural,169.2812,174.6000,5.3188
erkek,209,16.0000,K3 PB1,197.4748,174.6000,22.8748
erkek,209,16.0000,M mekanistik,169.0855,174.6000,5.5145
erkek,212,16.0000,K1 büyüme bitti,168.9000,172.6000,3.7000
erkek,212,16.0000,K2 basit kural,173.7131,172.6000,1.1131
erkek,212,16.0000,K3 PB1,172.3951,172.6000,0.2049
erkek,212,16.0000,M mekanistik,172.7009,172.6000,0.1009
erkek,219,16.0000,K1 büyüme bitti,168.7000,172.9000,4.2000
erkek,219,16.0000,K2 basit kural,174.4260,172.9000,1.5260
erkek,219,16.0000,K3 PB1,189.0351,172.9000,16.1351
erkek,219,16.0000,M mekanistik,174.0538,172.9000,1.1538
erkek,222,16.0000,K1 büyüme bitti,165.6000,169.4000,3.8000
erkek,222,16.0000,K2 basit kural,170.5791,169.4000,1.1791
erkek,222,16.0000,K3 PB1,178.3550,169.4000,8.9550
erkek,222,16.0000,M mekanistik,170.6816,169.4000,1.2816
erkek,228,16.0000,K1 büyüme bitti,178.2000,178.7000,0.5000
erkek,228,16.0000,K2 basit kural,178.9469,178.7000,0.2469
erkek,228,16.0000,K3 PB1,178.8650,178.7000,0.1650
erkek,228,16.0000,M mekanistik,179.5567,178.7000,0.8567
erkek,229,16.0000,K1 büyüme bitti,181.9000,183.4000,1.5000
erkek,229,16.0000,K2 basit kural,183.6427,183.4000,0.2427
erkek,229,16.0000,K3 PB1,183.6255,183.4000,0.2255
erkek,229,16.0000,M mekanistik,183.1297,183.4000,0.2703
erkek,255,16.0000,K1 büyüme bitti,172.2000,175.2000,3.0000
erkek,255,16.0000,K2 basit kural,175.1875,175.2000,0.0125
erkek,255,16.0000,K3 PB1,176.4134,175.2000,1.2134
erkek,255,16.0000,M mekanistik,174.0765,175.2000,1.1235
erkek,259,16.0000,K1 büyüme bitti,166.9000,169.4000,2.5000
erkek,259,16.0000,K2 basit kural,170.3854,169.4000,0.9854
erkek,259,16.0000,K3 PB1,174.2937,169.4000,4.8937
erkek,259,16.0000,M mekanistik,170.1111,169.4000,0.7111
erkek,264,16.0000,K1 büyüme bitti,165.0000,167.0000,2.0000
erkek,264,16.0000,K2 basit kural,168.6513,167.0000,1.6513
erkek,264,16.0000,K3 PB1,168.0104,167.0000,1.0104
erkek,264,16.0000,M mekanistik,168.6311,167.0000,1.6311
erkek,269,16.0000,K1 büyüme bitti,176.0000,180.8000,4.8000
erkek,269,16.0000,K2 basit kural,181.4770,180.8000,0.6770
erkek,269,16.0000,K3 PB1,185.0246,180.8000,4.2246
erkek,269,16.0000,M mekanistik,180.7620,180.8000,0.0380
erkek,274,16.0000,K1 büyüme bitti,169.5000,172.6000,3.1000
erkek,274,16.0000,K2 basit kural,171.2427,172.6000,1.3573
erkek,274,16.0000,K3 PB1,171.4364,172.6000,1.1636
erkek,274,16.0000,M mekanistik,171.5447,172.6000,1.0553
erkek,277,16.0000,K1 büyüme bitti,177.8000,178.8000,1.0000
erkek,277,16.0000,K2 basit kural,178.3809,178.8000,0.4191
erkek,277,16.0000,K3 PB1,179.1605,178.8000,0.3605
erkek,277,16.0000,M mekanistik,179.3863,178.8000,0.5863
erkek,202,17.0000,K1 büyüme bitti,193.8000,195.1000,1.3000
erkek,202,17.0000,K2 basit kural,194.3665,195.1000,0.7335
erkek,202,17.0000,K3 PB1,194.0143,195.1000,1.0857
erkek,202,17.0000,M mekanistik,194.8429,195.1000,0.2571
erkek,209,17.0000,K1 büyüme bitti,171.2000,174.6000,3.4000
erkek,209,17.0000,K2 basit kural,174.8256,174.6000,0.2256
erkek,209,17.0000,K3 PB1,181.5133,174.6000,6.9133
erkek,209,17.0000,M mekanistik,175.7301,174.6000,1.1301
erkek,212,17.0000,K1 büyüme bitti,171.1000,172.6000,1.5000
erkek,212,17.0000,K2 basit kural,172.3463,172.6000,0.2537
erkek,212,17.0000,K3 PB1,171.8981,172.6000,0.7019
erkek,212,17.0000,M mekanistik,172.4447,172.6000,0.1553
erkek,219,17.0000,K1 büyüme bitti,171.6000,172.9000,1.3000
erkek,219,17.0000,K2 basit kural,173.2429,172.9000,0.3429
erkek,219,17.0000,K3 PB1,175.3687,172.9000,2.4687
erkek,219,17.0000,M mekanistik,173.6550,172.9000,0.7550
erkek,222,17.0000,K1 büyüme bitti,168.8000,169.4000,0.6000
erkek,222,17.0000,K2 basit kural,170.6128,169.4000,1.2128
erkek,222,17.0000,K3 PB1,171.3038,169.4000,1.9038
erkek,222,17.0000,M mekanistik,170.2142,169.4000,0.8142
erkek,228,17.0000,K1 büyüme bitti,178.5000,178.7000,0.2000
erkek,228,17.0000,K2 basit kural,178.6700,178.7000,0.0300
erkek,228,17.0000,K3 PB1,178.6988,178.7000,0.0012
erkek,228,17.0000,M mekanistik,179.3285,178.7000,0.6285
erkek,229,17.0000,K1 büyüme bitti,183.3000,183.4000,0.1000
erkek,229,17.0000,K2 basit kural,184.0931,183.4000,0.6931
erkek,229,17.0000,K3 PB1,183.6083,183.4000,0.2083
erkek,229,17.0000,M mekanistik,183.3893,183.4000,0.0107
erkek,255,17.0000,K1 büyüme bitti,173.8000,175.2000,1.4000
erkek,255,17.0000,K2 basit kural,174.7064,175.2000,0.4936
erkek,255,17.0000,K3 PB1,174.9715,175.2000,0.2285
erkek,255,17.0000,M mekanistik,174.2870,175.2000,0.9130
erkek,259,17.0000,K1 büyüme bitti,168.7000,169.4000,0.7000
erkek,259,17.0000,K2 basit kural,169.7197,169.4000,0.3197
erkek,259,17.0000,K3 PB1,170.5351,169.4000,1.1351
erkek,259,17.0000,M mekanistik,169.9848,169.4000,0.5848
erkek,264,17.0000,K1 büyüme bitti,166.5000,167.0000,0.5000
erkek,264,17.0000,K2 basit kural,167.3498,167.0000,0.3498
erkek,264,17.0000,K3 PB1,167.0662,167.0000,0.0662
erkek,264,17.0000,M mekanistik,167.8635,167.0000,0.8635
erkek,269,17.0000,K1 büyüme bitti,178.8000,180.8000,2.0000
erkek,269,17.0000,K2 basit kural,180.3862,180.8000,0.4138
erkek,269,17.0000,K3 PB1,180.7987,180.8000,0.0013
erkek,269,17.0000,M mekanistik,180.3166,180.8000,0.4834
erkek,274,17.0000,K1 büyüme bitti,172.2000,172.6000,0.4000
erkek,274,17.0000,K2 basit kural,173.7296,172.6000,1.1296
erkek,274,17.0000,K3 PB1,172.0237,172.6000,0.5763
erkek,274,17.0000,M mekanistik,172.0285,172.6000,0.5715
erkek,277,17.0000,K1 büyüme bitti,178.5000,178.8000,0.3000
erkek,277,17.0000,K2 basit kural,178.8966,178.8000,0.0966
erkek,277,17.0000,K3 PB1,178.8795,178.8000,0.0795
erkek,277,17.0000,M mekanistik,179.1962,178.8000,0.3962
kiz,302,16.0000,K1 büyüme bitti,165.6000,166.0000,0.4000
kiz,302,16.0000,K2 basit kural,166.0855,166.0000,0.0855
kiz,302,16.0000,K3 PB1,166.7928,166.0000,0.7928
kiz,302,16.0000,M mekanistik,165.9329,166.0000,0.0671
kiz,314,16.0000,K1 büyüme bitti,163.3000,163.0000,0.3000
kiz,314,16.0000,K2 basit kural,163.5428,163.0000,0.5428
kiz,314,16.0000,K3 PB1,162.9958,163.0000,0.0042
kiz,314,16.0000,M mekanistik,163.6608,163.0000,0.6608
kiz,315,16.0000,K1 büyüme bitti,166.0000,167.1000,1.1000
kiz,315,16.0000,K2 basit kural,168.0229,167.1000,0.9229
kiz,315,16.0000,K3 PB1,168.4684,167.1000,1.3684
kiz,315,16.0000,M mekanistik,167.5198,167.1000,0.4198
kiz,319,16.0000,K1 büyüme bitti,169.2000,170.3000,1.1000
kiz,319,16.0000,K2 basit kural,170.3329,170.3000,0.0329
kiz,319,16.0000,K3 PB1,171.0405,170.3000,0.7405
kiz,319,16.0000,M mekanistik,170.0421,170.3000,0.2579
kiz,321,16.0000,K1 büyüme bitti,174.0000,175.1000,1.1000
kiz,321,16.0000,K2 basit kural,175.5374,175.1000,0.4374
kiz,321,16.0000,K3 PB1,177.0455,175.1000,1.9455
kiz,321,16.0000,M mekanistik,173.7358,175.1000,1.3642
kiz,322,16.0000,K1 büyüme bitti,154.1000,156.5000,2.4000
kiz,322,16.0000,K2 basit kural,155.3138,156.5000,1.1862
kiz,322,16.0000,K3 PB1,154.0902,156.5000,2.4098
kiz,322,16.0000,M mekanistik,154.7856,156.5000,1.7144
kiz,323,16.0000,K1 büyüme bitti,160.3000,160.3000,0.0000
kiz,323,16.0000,K2 basit kural,160.3809,160.3000,0.0809
kiz,323,16.0000,K3 PB1,160.2374,160.3000,0.0626
kiz,323,16.0000,M mekanistik,160.7836,160.3000,0.4836
kiz,327,16.0000,K1 büyüme bitti,169.5000,169.8000,0.3000
kiz,327,16.0000,K2 basit kural,170.5519,169.8000,0.7519
kiz,327,16.0000,K3 PB1,169.4900,169.8000,0.3100
kiz,327,16.0000,M mekanistik,169.3100,169.8000,0.4900
kiz,334,16.0000,K1 büyüme bitti,166.1000,166.8000,0.7000
kiz,334,16.0000,K2 basit kural,166.9092,166.8000,0.1092
kiz,334,16.0000,K3 PB1,165.8048,166.8000,0.9952
kiz,334,16.0000,M mekanistik,166.1154,166.8000,0.6846
kiz,355,16.0000,K1 büyüme bitti,155.1000,156.5000,1.4000
kiz,355,16.0000,K2 basit kural,156.6374,156.5000,0.1374
kiz,355,16.0000,K3 PB1,156.8436,156.5000,0.3436
kiz,355,16.0000,M mekanistik,156.1355,156.5000,0.3645
kiz,356,16.0000,K1 büyüme bitti,167.5000,168.1000,0.6000
kiz,356,16.0000,K2 basit kural,168.8756,168.1000,0.7756
kiz,356,16.0000,K3 PB1,167.3998,168.1000,0.7002
kiz,356,16.0000,M mekanistik,168.1018,168.1000,0.0018
kiz,376,16.0000,K1 büyüme bitti,161.0000,161.6000,0.6000
kiz,376,16.0000,K2 basit kural,161.8901,161.6000,0.2901
kiz,376,16.0000,K3 PB1,160.6472,161.6000,0.9528
kiz,376,16.0000,M mekanistik,160.6282,161.6000,0.9718
kiz,377,16.0000,K1 büyüme bitti,152.3000,153.6000,1.3000
kiz,377,16.0000,K2 basit kural,152.5428,153.6000,1.0572
kiz,377,16.0000,K3 PB1,152.3938,153.6000,1.2062
kiz,377,16.0000,M mekanistik,152.5883,153.6000,1.0117
kiz,382,16.0000,K1 büyüme bitti,165.7000,166.2000,0.5000
kiz,382,16.0000,K2 basit kural,166.2664,166.2000,0.0664
kiz,382,16.0000,K3 PB1,166.1051,166.2000,0.0949
kiz,382,16.0000,M mekanistik,166.3535,166.2000,0.1535
kiz,302,17.0000,K1 büyüme bitti,166.1000,166.0000,0.1000
kiz,302,17.0000,K2 basit kural,166.3438,166.0000,0.3438
kiz,302,17.0000,K3 PB1,166.5316,166.0000,0.5316
kiz,302,17.0000,M mekanistik,166.0057,166.0000,0.0057
kiz,314,17.0000,K1 büyüme bitti,163.3000,163.0000,0.3000
kiz,314,17.0000,K2 basit kural,163.3000,163.0000,0.3000
kiz,314,17.0000,K3 PB1,163.1460,163.0000,0.1460
kiz,314,17.0000,M mekanistik,163.5777,163.0000,0.5777
kiz,315,17.0000,K1 büyüme bitti,166.7000,167.1000,0.4000
kiz,315,17.0000,K2 basit kural,167.0414,167.1000,0.0586
kiz,315,17.0000,K3 PB1,167.4528,167.1000,0.3528
kiz,315,17.0000,M mekanistik,167.3070,167.1000,0.2070
kiz,319,17.0000,K1 büyüme bitti,169.8000,170.3000,0.5000
kiz,319,17.0000,K2 basit kural,170.0926,170.3000,0.2074
kiz,319,17.0000,K3 PB1,170.5166,170.3000,0.2166
kiz,319,17.0000,M mekanistik,170.0686,170.3000,0.2314
kiz,321,17.0000,K1 büyüme bitti,174.8000,175.1000,0.3000
kiz,321,17.0000,K2 basit kural,175.1901,175.1000,0.0901
kiz,321,17.0000,K3 PB1,176.0512,175.1000,0.9512
kiz,321,17.0000,M mekanistik,174.3770,175.1000,0.7230
kiz,322,17.0000,K1 büyüme bitti,155.7000,156.5000,0.8000
kiz,322,17.0000,K2 basit kural,156.4803,156.5000,0.0197
kiz,322,17.0000,K3 PB1,154.9819,156.5000,1.5181
kiz,322,17.0000,M mekanistik,155.1947,156.5000,1.3053
kiz,323,17.0000,K1 büyüme bitti,160.4000,160.3000,0.1000
kiz,323,17.0000,K2 basit kural,160.4488,160.3000,0.1488
kiz,323,17.0000,K3 PB1,160.2876,160.3000,0.0124
kiz,323,17.0000,M mekanistik,160.7191,160.3000,0.4191
kiz,327,17.0000,K1 büyüme bitti,169.6000,169.8000,0.2000
kiz,327,17.0000,K2 basit kural,169.6488,169.8000,0.1512
kiz,327,17.0000,K3 PB1,169.6229,169.8000,0.1771
kiz,327,17.0000,M mekanistik,169.4709,169.8000,0.3291
kiz,334,17.0000,K1 büyüme bitti,166.7000,166.8000,0.1000
kiz,334,17.0000,K2 basit kural,166.9926,166.8000,0.1926
kiz,334,17.0000,K3 PB1,166.1685,166.8000,0.6315
kiz,334,17.0000,M mekanistik,166.2011,166.8000,0.5989
kiz,355,17.0000,K1 büyüme bitti,156.0000,156.5000,0.5000
kiz,355,17.0000,K2 basit kural,156.4389,156.5000,0.0611
kiz,355,17.0000,K3 PB1,156.5348,156.5000,0.0348
kiz,355,17.0000,M mekanistik,156.1764,156.5000,0.3236
kiz,356,17.0000,K1 büyüme bitti,168.2000,168.1000,0.1000
kiz,356,17.0000,K2 basit kural,168.5414,168.1000,0.4414
kiz,356,17.0000,K3 PB1,167.8395,168.1000,0.2605
kiz,356,17.0000,M mekanistik,168.1866,168.1000,0.0866
kiz,376,17.0000,K1 büyüme bitti,161.9000,161.6000,0.3000
kiz,376,17.0000,K2 basit kural,162.3389,161.6000,0.7389
kiz,376,17.0000,K3 PB1,161.1098,161.6000,0.4902
kiz,376,17.0000,M mekanistik,160.9006,161.6000,0.6994
kiz,377,17.0000,K1 büyüme bitti,153.2000,153.6000,0.4000
kiz,377,17.0000,K2 basit kural,153.6389,153.6000,0.0389
kiz,377,17.0000,K3 PB1,152.5920,153.6000,1.0080
kiz,377,17.0000,M mekanistik,152.6929,153.6000,0.9071
kiz,382,17.0000,K1 büyüme bitti,165.6000,166.2000,0.6000
kiz,382,17.0000,K2 basit kural,165.5512,166.2000,0.6488
kiz,382,17.0000,K3 PB1,165.9445,166.2000,0.2555
kiz,382,17.0000,M mekanistik,166.1844,166.2000,0.0156
