cinsiyet,id,tahmin_govde,tahmin_boy,gercek_govde,gercek_boy
erkek,206,2.6605,3.1314,1.5000,2.0000
erkek,210,2.2419,2.6259,2.0000,2.7000
erkek,213,1.7186,1.9516,2.3000,2.0000
erkek,220,2.0078,2.2759,1.2000,0.8000
erkek,221,1.2123,1.3050,1.6000,1.3000
erkek,223,5.3533,7.6688,5.0000,6.2000
erkek,232,2.0282,2.4162,1.9000,2.0000
erkek,233,2.2415,2.6659,1.9000,2.6000
erkek,235,2.5011,3.1285,2.8000,2.3000
erkek,257,4.6504,6.7140,5.3000,6.8000
erkek,267,1.6985,1.8763,1.9000,2.1000
erkek,270,1.8230,2.0225,1.1000,0.7000
erkek,272,1.6821,2.2069,1.9000,1.8000
erkek,276,0.8605,0.9327,1.4000,1.5000
kiz,303,0.1065,0.1091,-0.4000,0.3000
kiz,310,0.1843,0.1916,0.3000,0.9000
kiz,312,0.2720,0.2854,-1.2000,-0.6000
kiz,326,0.2088,0.2168,-0.1000,0.2000
kiz,331,0.6057,0.6650,-0.5000,1.6000
kiz,333,0.2921,0.3060,-0.8000,0.3000
kiz,335,0.3437,0.3657,0.0000,0.3000
kiz,353,0.2899,0.3085,0.8000,0.8000
kiz,357,0.4440,0.4856,0.2000,1.0000
kiz,358,0.1595,0.1653,0.3000,0.6000
kiz,359,0.8941,0.9889,1.5000,1.7000
kiz,365,0.2918,0.3095,-0.1000,0.8000
kiz,373,0.5141,0.5560,0.7000,0.1000
kiz,380,0.7054,0.7591,2.2000,1.4000
erkek,204,6.0969,8.2922,5.1000,7.2000
erkek,207,2.5622,2.9979,1.4000,0.9000
erkek,211,1.9166,2.1602,1.3000,2.3000
erkek,214,6.2973,8.4366,5.3000,7.5000
erkek,216,1.3726,1.5990,2.0000,1.9000
erkek,226,1.3003,1.4370,2.4000,2.1000
erkek,231,0.7901,0.8281,-0.2000,-0.3000
erkek,234,2.9027,3.5416,2.5000,2.8000
erkek,236,1.3259,1.4175,1.0000,1.3000
erkek,253,3.9959,4.9892,3.6000,4.8000
erkek,256,4.8697,6.5268,3.9000,4.1000
erkek,263,1.1284,1.2079,1.0000,0.9000
erkek,271,1.2267,1.3290,0.3000,0.6000
kiz,307,0.3860,0.4068,1.0000,1.2000
kiz,311,0.2669,0.2738,-0.1000,-0.2000
kiz,318,1.6801,1.9479,1.3000,1.6000
kiz,320,0.2370,0.2455,0.6000,0.7000
kiz,351,1.5690,1.8199,1.5000,0.7000
kiz,354,0.3832,0.3998,0.0000,0.4000
kiz,361,0.3359,0.3538,1.3000,0.9000
kiz,362,0.3438,0.3589,-0.6000,0.1000
kiz,366,0.3780,0.3958,-0.2000,0.4000
kiz,368,0.1333,0.1360,0.4000,0.7000
kiz,370,0.4544,0.4778,0.0000,0.9000
kiz,371,0.2489,0.2565,1.0000,0.4000
kiz,372,2.4392,2.8974,1.9000,2.4000
kiz,384,0.1774,0.1852,-1.2000,0.9000
erkek,201,1.6763,1.8254,1.1000,2.4000
erkek,205,1.6711,1.8735,2.5000,2.7000
erkek,225,2.0716,2.3178,1.8000,3.2000
erkek,230,1.4047,1.5499,1.9000,2.0000
erkek,237,1.1231,1.1621,1.3000,1.1000
erkek,251,3.2752,4.4300,3.9000,6.6000
erkek,254,1.2423,1.3186,1.1000,1.3000
erkek,258,3.6789,5.4297,5.2000,7.7000
erkek,260,2.4169,2.8546,1.6000,2.0000
erkek,261,1.2844,1.3645,1.7000,1.3000
erkek,266,2.7136,3.1785,2.7000,2.3000
erkek,273,1.4426,1.6183,1.9000,1.7000
erkek,275,0.9542,1.0053,1.9000,1.5000
kiz,301,0.2093,0.2110,0.6000,0.3000
kiz,305,0.7611,0.7840,1.3000,1.5000
kiz,308,2.6499,3.0403,1.9000,2.4000
kiz,309,0.3370,0.3496,0.6000,0.7000
kiz,316,0.2722,0.2748,-0.9000,0.0000
kiz,317,0.3437,0.3534,0.4000,0.3000
kiz,330,0.2081,0.2099,0.0000,0.7000
kiz,352,0.5513,0.5650,0.5000,1.3000
kiz,360,0.3079,0.3117,1.0000,0.6000
kiz,363,0.5882,0.6012,1.0000,1.2000
kiz,364,0.9387,0.9755,1.6000,1.2000
kiz,369,0.2731,0.2767,0.6000,0.4000
kiz,375,0.2533,0.2564,0.5000,0.5000
kiz,383,0.2977,0.3005,-1.0000,0.1000
erkek,203,16.8759,31.0012,6.8000,11.7000
erkek,208,3.1418,5.2198,7.4000,14.3000
erkek,215,0.4956,0.5152,0.8000,0.6000
erkek,217,4.6415,6.3548,3.4000,4.8000
erkek,218,4.3598,5.8841,2.8000,4.9000
erkek,224,2.3456,2.6849,2.6000,2.9000
erkek,227,4.4581,5.9448,3.2000,4.1000
erkek,238,4.0027,4.9521,5.5000,6.3000
erkek,252,1.8806,2.1263,1.6000,2.1000
erkek,262,3.0870,3.9976,3.5000,3.7000
erkek,265,0.6887,0.7256,1.6000,0.8000
erkek,268,3.5118,4.3108,3.4000,3.6000
erkek,278,1.7810,2.0895,2.2000,1.7000
kiz,304,0.4626,0.4739,0.4000,0.6000
kiz,306,0.3079,0.3170,0.3000,0.7000
kiz,313,0.2708,0.2762,0.6000,0.9000
kiz,324,0.2117,0.2145,0.2000,0.5000
kiz,325,0.5312,0.5458,0.6000,0.3000
kiz,328,0.4001,0.4073,0.0000,-0.3000
kiz,329,1.0450,1.1063,0.6000,1.7000
kiz,332,0.4371,0.4498,2.4000,2.3000
kiz,367,0.2505,0.2537,-0.1000,0.4000
kiz,374,0.3305,0.3367,0.4000,0.4000
kiz,378,0.9592,1.0028,1.5000,1.4000
kiz,379,0.6693,0.6941,0.1000,1.7000
kiz,381,0.4170,0.4353,0.6000,2.0000
kiz,385,0.2714,0.2752,0.7000,0.7000
erkek,202,1.7074,1.8747,2.5000,2.3000
erkek,209,3.0252,4.6479,5.5000,9.8000
erkek,212,3.1670,3.9298,2.7000,3.7000
erkek,219,3.9966,5.2722,3.3000,4.2000
erkek,222,3.9139,4.7630,3.1000,3.8000
erkek,228,0.9704,1.0667,0.1000,0.5000
erkek,229,1.3574,1.4796,1.7000,1.5000
erkek,255,1.9363,2.2220,2.7000,3.0000
erkek,259,2.6004,3.0683,1.7000,2.5000
erkek,264,3.0670,3.5748,1.9000,2.0000
erkek,269,3.9284,4.7481,3.4000,4.8000
erkek,274,1.8257,2.0287,2.7000,3.1000
erkek,277,0.9605,1.0230,1.1000,1.0000
kiz,302,0.4771,0.5030,0.9000,0.4000
kiz,314,0.3865,0.3969,0.2000,-0.3000
kiz,315,1.4635,1.6633,1.4000,1.1000
kiz,319,0.8790,0.9595,1.7000,1.1000
kiz,321,0.6886,0.7508,0.4000,1.1000
kiz,322,0.7182,0.7766,1.7000,2.4000
kiz,323,0.1414,0.1445,-0.3000,0.0000
kiz,327,0.3845,0.4069,0.6000,0.3000
kiz,334,0.3234,0.3331,0.5000,0.7000
kiz,355,1.0714,1.1712,1.1000,1.4000
kiz,356,0.7662,0.8095,0.6000,0.6000
kiz,376,0.2378,0.2447,-0.4000,0.6000
kiz,377,0.1949,0.2001,0.4000,1.3000
kiz,382,0.4373,0.4587,0.0000,0.5000
