cinsiyet,id,son_yas,gozlenen,mekanistik,pb1
erkek,206,18.5000,0.2000,0.2798,0.1292
erkek,210,19.5000,0.5000,0.5887,0.3183
erkek,213,18.5000,0.3000,0.1960,0.1585
erkek,223,19.0000,1.4000,1.0641,0.9822
erkek,233,19.5000,0.8000,0.5816,0.4488
erkek,235,20.0000,1.8000,0.7207,0.8917
erkek,257,20.0000,-0.1000,1.6532,5.3607
erkek,267,19.0000,0.1000,0.3320,0.1180
kiz,353,19.0000,-0.2000,0.0482,0.0189
kiz,358,19.0000,0.3000,0.0241,0.0008
kiz,380,18.5000,0.1000,0.0707,0.0482
erkek,204,19.0000,1.2000,1.1804,0.5834
erkek,207,18.5000,0.0000,0.2503,0.1866
erkek,214,19.0000,1.0000,1.2539,0.4995
erkek,231,20.0000,0.1000,0.2161,0.0398
erkek,234,19.5000,0.9000,0.7200,0.2641
erkek,253,19.0000,1.9000,0.8063,1.0566
erkek,256,20.0000,1.0000,1.2273,0.9673
kiz,318,19.0000,0.4000,0.2454,0.2042
kiz,372,19.0000,-0.2000,0.3676,0.7617
erkek,201,18.5000,0.5000,0.1784,0.1734
erkek,205,18.5000,0.3000,0.1859,0.1075
erkek,225,19.0000,1.0000,0.3943,0.2416
erkek,237,19.5000,0.4000,0.2700,0.0985
erkek,251,19.0000,0.6000,0.7230,0.9148
erkek,258,19.0000,1.7000,1.0343,1.2544
erkek,261,19.0000,0.3000,0.2449,0.1197
erkek,273,19.5000,0.7000,0.3467,0.1167
erkek,275,20.5000,0.5000,0.3134,0.1143
kiz,317,19.0000,0.2000,0.0571,0.0213
kiz,383,19.0000,0.0000,0.0426,0.0276
erkek,203,21.0000,4.5000,4.3132,12.8005
erkek,208,19.5000,2.6000,4.3254,6.2768
erkek,215,19.5000,0.1000,0.1395,0.0209
erkek,217,19.0000,2.1000,0.8117,1.0760
erkek,218,20.0000,1.4000,1.3067,2.0672
erkek,224,19.0000,0.4000,0.4567,0.4746
erkek,227,19.5000,1.0000,0.9931,1.8012
erkek,238,19.5000,2.2000,1.1594,1.3990
erkek,262,19.5000,0.9000,0.7705,0.2841
erkek,268,19.0000,0.9000,0.6382,0.5074
kiz,325,20.0000,-0.2000,0.1203,0.0332
kiz,329,19.0000,0.3000,0.1686,0.2082
erkek,209,19.5000,2.2000,2.4166,7.3573
erkek,212,18.5000,0.2000,0.3591,0.1493
erkek,219,19.5000,1.7000,0.9764,0.8959
erkek,228,20.0000,1.1000,0.2734,0.0298
erkek,229,19.0000,0.0000,0.2688,0.1424
erkek,264,20.0000,0.8000,0.8048,0.1155
erkek,269,19.0000,0.2000,0.7549,0.4985
kiz,322,18.5000,0.2000,0.0802,0.0782
kiz,327,18.5000,0.2000,0.0376,0.0286
