cinsiyet,tasarim,protokol,n,senaryo,basari,k_medyan,ga_genislik_medyan,mae_medyan,k_pop
erkek,uzun,P1,30,kural doğru,0.3633,0.8297,0.2878,0.6430,0.9026
erkek,uzun,P1,30,gerçek k=0.5,0.0000,0.4568,0.2387,0.5142,0.9026
erkek,uzun,P1,30,gerçek k=1.6,0.0000,1.4771,0.4017,0.8901,0.9026
erkek,uzun,P1,60,kural doğru,0.7567,0.8483,0.2070,0.6856,0.9026
erkek,uzun,P1,60,gerçek k=0.5,0.0000,0.4629,0.1583,0.5261,0.9026
erkek,uzun,P1,60,gerçek k=1.6,0.0000,1.4908,0.2902,0.9390,0.9026
erkek,uzun,P1,100,kural doğru,0.9000,0.8538,0.1595,0.6859,0.9026
erkek,uzun,P1,100,gerçek k=0.5,0.0000,0.4704,0.1228,0.5345,0.9026
erkek,uzun,P1,100,gerçek k=1.6,0.0000,1.5203,0.2267,0.9471,0.9026
erkek,uzun,P1,200,kural doğru,0.9967,0.8491,0.1142,0.6849,0.9026
erkek,uzun,P1,200,gerçek k=0.5,0.0000,0.4658,0.0864,0.5444,0.9026
erkek,uzun,P1,200,gerçek k=1.6,0.0000,1.5226,0.1642,0.9768,0.9026
erkek,uzun,P2,30,kural doğru,0.4200,0.8325,0.2858,0.6314,0.9026
erkek,uzun,P2,30,gerçek k=0.5,0.0000,0.4451,0.2223,0.4930,0.9026
erkek,uzun,P2,30,gerçek k=1.6,0.0000,1.4764,0.3902,0.8699,0.9026
erkek,uzun,P2,60,kural doğru,0.7200,0.8501,0.1994,0.6500,0.9026
erkek,uzun,P2,60,gerçek k=0.5,0.0000,0.4674,0.1580,0.5214,0.9026
erkek,uzun,P2,60,gerçek k=1.6,0.0000,1.5185,0.2800,0.8902,0.9026
erkek,uzun,P2,100,kural doğru,0.8933,0.8497,0.1571,0.6607,0.9026
erkek,uzun,P2,100,gerçek k=0.5,0.0000,0.4626,0.1192,0.5181,0.9026
erkek,uzun,P2,100,gerçek k=1.6,0.0000,1.5025,0.2186,0.9233,0.9026
erkek,uzun,P2,200,kural doğru,1.0000,0.8550,0.1118,0.6644,0.9026
erkek,uzun,P2,200,gerçek k=0.5,0.0000,0.4675,0.0856,0.5224,0.9026
erkek,uzun,P2,200,gerçek k=1.6,0.0000,1.5219,0.1668,0.9396,0.9026
erkek,uzun,P3,30,kural doğru,0.2133,0.8243,0.3709,0.8152,0.9026
erkek,uzun,P3,30,gerçek k=0.5,0.0000,0.4361,0.2875,0.6520,0.9026
erkek,uzun,P3,30,gerçek k=1.6,0.0033,1.4638,0.5109,1.1263,0.9026
erkek,uzun,P3,60,kural doğru,0.3500,0.8117,0.2634,0.8505,0.9026
erkek,uzun,P3,60,gerçek k=0.5,0.0000,0.4476,0.1983,0.6635,0.9026
erkek,uzun,P3,60,gerçek k=1.6,0.0000,1.4538,0.3548,1.1634,0.9026
erkek,uzun,P3,100,kural doğru,0.5433,0.8175,0.2002,0.8567,0.9026
erkek,uzun,P3,100,gerçek k=0.5,0.0000,0.4479,0.1544,0.6830,0.9026
erkek,uzun,P3,100,gerçek k=1.6,0.0000,1.4697,0.2770,1.1704,0.9026
erkek,uzun,P3,200,kural doğru,0.8100,0.8273,0.1423,0.8677,0.9026
erkek,uzun,P3,200,gerçek k=0.5,0.0000,0.4440,0.1084,0.6822,0.9026
erkek,uzun,P3,200,gerçek k=1.6,0.0000,1.4782,0.2023,1.1982,0.9026
erkek,kisa,P1,30,kural doğru,0.0033,0.5807,0.3073,0.5554,0.6648
erkek,kisa,P1,30,gerçek k=0.5,0.0000,0.4291,0.2742,0.5060,0.6648
erkek,kisa,P1,30,gerçek k=1.6,0.0067,1.4339,0.4799,0.8837,0.6648
erkek,kisa,P1,60,kural doğru,0.0000,0.5864,0.2099,0.5697,0.6648
erkek,kisa,P1,60,gerçek k=0.5,0.0000,0.4317,0.1892,0.5174,0.6648
erkek,kisa,P1,60,gerçek k=1.6,0.0067,1.4508,0.3377,0.9102,0.6648
erkek,kisa,P1,100,kural doğru,0.0000,0.5816,0.1644,0.5831,0.6648
erkek,kisa,P1,100,gerçek k=0.5,0.0000,0.4349,0.1449,0.5274,0.6648
erkek,kisa,P1,100,gerçek k=1.6,0.0000,1.4566,0.2579,0.9168,0.6648
erkek,kisa,P1,200,kural doğru,0.0000,0.5890,0.1133,0.5800,0.6648
erkek,kisa,P1,200,gerçek k=0.5,0.0000,0.4339,0.1030,0.5264,0.6648
erkek,kisa,P1,200,gerçek k=1.6,0.0000,1.4548,0.1862,0.9225,0.6648
erkek,kisa,P2,30,kural doğru,0.0033,0.5709,0.2961,0.5382,0.6648
erkek,kisa,P2,30,gerçek k=0.5,0.0000,0.4378,0.2668,0.5035,0.6648
erkek,kisa,P2,30,gerçek k=1.6,0.0000,1.4397,0.4714,0.8695,0.6648
erkek,kisa,P2,60,kural doğru,0.0067,0.5954,0.2056,0.5682,0.6648
erkek,kisa,P2,60,gerçek k=0.5,0.0000,0.4350,0.1851,0.5017,0.6648
erkek,kisa,P2,60,gerçek k=1.6,0.0033,1.4482,0.3325,0.8773,0.6648
erkek,kisa,P2,100,kural doğru,0.0067,0.5908,0.1605,0.5571,0.6648
erkek,kisa,P2,100,gerçek k=0.5,0.0000,0.4378,0.1434,0.5031,0.6648
erkek,kisa,P2,100,gerçek k=1.6,0.0000,1.4681,0.2504,0.8780,0.6648
erkek,kisa,P2,200,kural doğru,0.0000,0.5906,0.1110,0.5544,0.6648
erkek,kisa,P2,200,gerçek k=0.5,0.0000,0.4401,0.1010,0.5066,0.6648
erkek,kisa,P2,200,gerçek k=1.6,0.0000,1.4735,0.1813,0.8856,0.6648
erkek,kisa,P3,30,kural doğru,0.0000,0.5407,0.3911,0.7110,0.6648
erkek,kisa,P3,30,gerçek k=0.5,0.0000,0.3869,0.3443,0.6506,0.6648
erkek,kisa,P3,30,gerçek k=1.6,0.0133,1.3712,0.5686,1.0863,0.6648
erkek,kisa,P3,60,kural doğru,0.0000,0.5427,0.2618,0.7303,0.6648
erkek,kisa,P3,60,gerçek k=0.5,0.0000,0.3976,0.2407,0.6568,0.6648
erkek,kisa,P3,60,gerçek k=1.6,0.0067,1.3698,0.4216,1.1375,0.6648
erkek,kisa,P3,100,kural doğru,0.0000,0.5442,0.2034,0.7270,0.6648
erkek,kisa,P3,100,gerçek k=0.5,0.0000,0.4028,0.1802,0.6593,0.6648
erkek,kisa,P3,100,gerçek k=1.6,0.0033,1.3735,0.3198,1.1357,0.6648
erkek,kisa,P3,200,kural doğru,0.0000,0.5566,0.1396,0.7267,0.6648
erkek,kisa,P3,200,gerçek k=0.5,0.0000,0.4048,0.1283,0.6630,0.6648
erkek,kisa,P3,200,gerçek k=1.6,0.0000,1.3851,0.2244,1.1438,0.6648
kiz,uzun,P1,30,kural doğru,0.0000,0.0251,0.8745,0.4659,0.7838
kiz,uzun,P1,30,gerçek k=0.5,0.0000,-0.0625,0.7991,0.4150,0.7838
kiz,uzun,P1,30,gerçek k=1.6,0.0000,0.4443,1.1335,0.6255,0.7838
kiz,uzun,P1,60,kural doğru,0.0000,0.0411,0.5793,0.4680,0.7838
kiz,uzun,P1,60,gerçek k=0.5,0.0000,-0.0891,0.5251,0.4133,0.7838
kiz,uzun,P1,60,gerçek k=1.6,0.0000,0.4209,0.7915,0.6275,0.7838
kiz,uzun,P1,100,kural doğru,0.0000,0.0621,0.4454,0.4699,0.7838
kiz,uzun,P1,100,gerçek k=0.5,0.0000,-0.0760,0.4028,0.4216,0.7838
kiz,uzun,P1,100,gerçek k=1.6,0.0033,0.4142,0.6089,0.6445,0.7838
kiz,uzun,P1,200,kural doğru,0.0000,0.0507,0.3141,0.4733,0.7838
kiz,uzun,P1,200,gerçek k=0.5,0.0000,-0.0641,0.2810,0.4261,0.7838
kiz,uzun,P1,200,gerçek k=1.6,0.0000,0.3948,0.4234,0.6360,0.7838
kiz,uzun,P2,30,kural doğru,0.0000,0.0589,0.8802,0.4538,0.7838
kiz,uzun,P2,30,gerçek k=0.5,0.0000,-0.0721,0.7446,0.4053,0.7838
kiz,uzun,P2,30,gerçek k=1.6,0.0000,0.3882,1.1582,0.6024,0.7838
kiz,uzun,P2,60,kural doğru,0.0000,0.0477,0.5895,0.4512,0.7838
kiz,uzun,P2,60,gerçek k=0.5,0.0000,-0.0450,0.5175,0.4013,0.7838
kiz,uzun,P2,60,gerçek k=1.6,0.0000,0.4140,0.8061,0.6178,0.7838
kiz,uzun,P2,100,kural doğru,0.0000,0.0577,0.4456,0.4548,0.7838
kiz,uzun,P2,100,gerçek k=0.5,0.0000,-0.0624,0.4018,0.4126,0.7838
kiz,uzun,P2,100,gerçek k=1.6,0.0033,0.4046,0.6047,0.6183,0.7838
kiz,uzun,P2,200,kural doğru,0.0000,0.0633,0.3148,0.4630,0.7838
kiz,uzun,P2,200,gerçek k=0.5,0.0000,-0.0665,0.2818,0.4174,0.7838
kiz,uzun,P2,200,gerçek k=1.6,0.0000,0.4271,0.4247,0.6187,0.7838
kiz,uzun,P3,30,kural doğru,0.0000,-0.1127,0.8836,0.5434,0.7838
kiz,uzun,P3,30,gerçek k=0.5,0.0000,-0.1983,0.8133,0.5200,0.7838
kiz,uzun,P3,30,gerçek k=1.6,0.0000,0.1488,1.1328,0.7153,0.7838
kiz,uzun,P3,60,kural doğru,0.0000,-0.0684,0.5966,0.5636,0.7838
kiz,uzun,P3,60,gerçek k=0.5,0.0000,-0.1958,0.5569,0.5195,0.7838
kiz,uzun,P3,60,gerçek k=1.6,0.0000,0.1158,0.7797,0.7238,0.7838
kiz,uzun,P3,100,kural doğru,0.0000,-0.0896,0.4596,0.5675,0.7838
kiz,uzun,P3,100,gerçek k=0.5,0.0000,-0.1898,0.4197,0.5196,0.7838
kiz,uzun,P3,100,gerçek k=1.6,0.0000,0.1466,0.5869,0.7195,0.7838
kiz,uzun,P3,200,kural doğru,0.0000,-0.1030,0.3168,0.5625,0.7838
kiz,uzun,P3,200,gerçek k=0.5,0.0000,-0.1973,0.2945,0.5217,0.7838
kiz,uzun,P3,200,gerçek k=1.6,0.0000,0.1352,0.4200,0.7343,0.7838
kiz,kisa,P1,30,kural doğru,0.0000,-0.2343,0.7827,0.3890,0.6128
kiz,kisa,P1,30,gerçek k=0.5,0.0000,-0.2309,0.7508,0.3819,0.6128
kiz,kisa,P1,30,gerçek k=1.6,0.0000,0.0236,1.0007,0.5098,0.6128
kiz,kisa,P1,60,kural doğru,0.0000,-0.2123,0.5303,0.4008,0.6128
kiz,kisa,P1,60,gerçek k=0.5,0.0000,-0.2467,0.5153,0.3906,0.6128
kiz,kisa,P1,60,gerçek k=1.6,0.0000,0.0680,0.7017,0.5327,0.6128
kiz,kisa,P1,100,kural doğru,0.0000,-0.2080,0.4074,0.4063,0.6128
kiz,kisa,P1,100,gerçek k=0.5,0.0000,-0.2397,0.3933,0.3910,0.6128
kiz,kisa,P1,100,gerçek k=1.6,0.0000,0.0318,0.5289,0.5244,0.6128
kiz,kisa,P1,200,kural doğru,0.0000,-0.2178,0.2798,0.4052,0.6128
kiz,kisa,P1,200,gerçek k=0.5,0.0000,-0.2365,0.2766,0.3933,0.6128
kiz,kisa,P1,200,gerçek k=1.6,0.0000,0.0315,0.3783,0.5374,0.6128
kiz,kisa,P2,30,kural doğru,0.0000,-0.2007,0.7590,0.3894,0.6128
kiz,kisa,P2,30,gerçek k=0.5,0.0000,-0.2352,0.7441,0.3797,0.6128
kiz,kisa,P2,30,gerçek k=1.6,0.0000,0.0398,1.0197,0.5047,0.6128
kiz,kisa,P2,60,kural doğru,0.0000,-0.2108,0.5187,0.3859,0.6128
kiz,kisa,P2,60,gerçek k=0.5,0.0000,-0.2426,0.5011,0.3724,0.6128
kiz,kisa,P2,60,gerçek k=1.6,0.0000,0.0495,0.6997,0.5167,0.6128
kiz,kisa,P2,100,kural doğru,0.0000,-0.2049,0.4054,0.3943,0.6128
kiz,kisa,P2,100,gerçek k=0.5,0.0000,-0.2350,0.3924,0.3799,0.6128
kiz,kisa,P2,100,gerçek k=1.6,0.0000,0.0441,0.5383,0.5166,0.6128
kiz,kisa,P2,200,kural doğru,0.0000,-0.1982,0.2888,0.3950,0.6128
kiz,kisa,P2,200,gerçek k=0.5,0.0000,-0.2318,0.2751,0.3817,0.6128
kiz,kisa,P2,200,gerçek k=1.6,0.0000,0.0691,0.3752,0.5202,0.6128
kiz,kisa,P3,30,kural doğru,0.0000,-0.3074,0.7548,0.4743,0.6128
kiz,kisa,P3,30,gerçek k=0.5,0.0000,-0.3434,0.7500,0.4755,0.6128
kiz,kisa,P3,30,gerçek k=1.6,0.0000,-0.1337,0.9528,0.6092,0.6128
kiz,kisa,P3,60,kural doğru,0.0000,-0.3091,0.5345,0.4941,0.6128
kiz,kisa,P3,60,gerçek k=0.5,0.0000,-0.3318,0.5216,0.4825,0.6128
kiz,kisa,P3,60,gerçek k=1.6,0.0000,-0.1526,0.6611,0.6095,0.6128
kiz,kisa,P3,100,kural doğru,0.0000,-0.3134,0.4078,0.4988,0.6128
kiz,kisa,P3,100,gerçek k=0.5,0.0000,-0.3227,0.3979,0.4866,0.6128
kiz,kisa,P3,100,gerçek k=1.6,0.0000,-0.1594,0.5008,0.6104,0.6128
kiz,kisa,P3,200,kural doğru,0.0000,-0.3052,0.2829,0.4956,0.6128
kiz,kisa,P3,200,gerçek k=0.5,0.0000,-0.3336,0.2766,0.4878,0.6128
kiz,kisa,P3,200,gerçek k=1.6,0.0000,-0.1423,0.3559,0.6134,0.6128
