parametre,deger,negatif_P1,negatif_P2,negatif_P3,guc_erkek_n100_P1,guc_erkek_n100_P2,katsayi_Ö6a_erkek16
D_max,1.0000,0.3391,0.3580,0.3927,0.9750,0.9350,
D_max,2.0000,0.3976,0.3729,0.4000,0.5200,0.8100,
tau_c,0.5000,0.3678,0.3513,0.3907,0.7550,0.9600,
tau_c,4.0000,0.3213,0.3892,0.4076,1.0000,0.6700,
e_okuma,0.2000,0.3610,0.3224,0.3813,0.9250,0.9950,
e_okuma,0.6000,0.3992,0.4244,0.4302,0.5300,0.0300,
b_gozlemci,0.0000,0.3716,0.3650,0.3656,0.8850,0.8800,
b_gozlemci,0.5000,0.3716,0.3650,0.4228,0.8850,0.8800,
kaynasma_kapisi,0.0500,,,,,,0.9627
kaynasma_kapisi,0.3000,,,,,,0.9626
