id,son_yas,gercek_kalan,kalan_p10,kalan_medyan,kalan_p90,gercek_Hson,Hson_p10,Hson_medyan,Hson_p90,ESS,kapsama_kalan,kapsama_Hson,hata_sonsal,hata_onsel
201,18.500,1.460,0.524,0.638,0.759,179.500,176.872,177.869,178.862,6780.625,False,False,0.822,0.591
202,18.000,1.100,0.306,0.388,0.479,195.100,192.830,193.810,194.779,1154.806,False,False,0.712,0.478
203,21.000,8.680,4.203,5.265,7.130,188.200,183.486,184.959,186.949,674.337,False,False,3.415,7.300
204,19.000,3.280,1.760,2.097,2.570,179.900,177.551,178.720,179.885,11590.731,False,False,1.183,2.234
205,18.500,0.780,0.647,0.773,0.912,171.800,170.518,171.536,172.574,19434.927,True,True,0.007,0.089
206,18.500,0.520,0.802,0.932,1.075,182.000,181.389,182.428,183.461,7892.964,False,True,0.412,0.349
207,18.500,0.000,0.561,0.679,0.803,172.500,172.231,173.224,174.242,16018.360,False,True,0.679,0.869
208,19.500,7.740,5.241,6.382,7.869,184.200,182.490,184.288,185.747,123.083,True,True,1.358,6.567
209,19.500,4.800,3.376,4.365,5.999,176.800,174.848,176.298,177.970,3334.131,True,True,0.435,3.627
210,19.500,1.320,1.200,1.383,1.582,190.900,189.717,190.776,191.813,2037.556,True,True,0.063,0.147
211,18.000,0.960,0.481,0.569,0.663,173.800,172.454,173.425,174.410,14159.421,False,True,0.391,0.338
212,18.500,1.420,1.196,1.449,1.820,172.800,171.056,172.182,173.329,11605.904,True,True,0.029,0.551
213,18.500,0.680,0.869,1.015,1.191,185.500,186.527,187.562,188.644,4673.210,False,False,0.335,0.189
214,19.000,2.880,2.772,3.294,3.898,179.400,179.241,180.434,181.630,930.763,True,True,0.414,1.834
215,19.500,0.280,0.292,0.426,0.572,177.700,177.590,178.504,179.470,12040.906,False,True,0.146,0.893
216,18.000,0.840,0.352,0.433,0.516,183.500,182.285,183.222,184.207,16143.756,False,True,0.407,0.218
217,19.000,3.800,1.507,1.769,2.088,180.200,176.959,178.080,179.198,5423.290,False,False,2.031,2.754
218,20.000,1.880,2.036,2.392,2.879,178.400,178.117,179.312,180.483,4344.183,False,True,0.512,0.615
219,19.500,2.720,1.493,1.704,1.957,174.600,171.565,172.588,173.686,3504.363,False,False,1.016,1.547
220,18.000,0.120,0.422,0.502,0.583,180.200,180.356,181.344,182.283,632.420,False,False,0.382,0.502
221,18.000,0.440,0.218,0.293,0.371,188.400,187.877,188.822,189.744,4134.397,False,True,0.147,0.182
222,18.000,0.520,1.256,1.494,1.802,169.400,170.883,171.922,172.961,4415.359,False,False,0.974,0.102
223,19.000,2.600,2.255,2.742,3.457,181.600,180.173,181.354,182.592,4964.346,True,True,0.142,1.554
224,19.000,1.160,1.010,1.172,1.365,189.400,188.312,189.375,190.422,1736.950,True,True,0.012,0.114
225,19.000,1.800,1.064,1.226,1.402,183.400,181.261,182.282,183.315,5323.688,False,False,0.574,0.754
226,18.000,0.520,0.370,0.453,0.539,185.800,184.920,185.893,186.876,6766.776,True,True,0.067,0.102
227,19.500,1.860,1.363,1.582,1.858,181.700,180.001,181.117,182.224,16016.474,False,True,0.278,0.687
228,20.000,1.300,0.350,0.501,0.658,179.800,178.522,179.485,180.462,14224.178,False,True,0.799,0.035
229,19.000,0.060,0.618,0.757,0.901,183.400,183.169,184.174,185.197,13278.488,False,True,0.697,0.986
230,18.000,0.640,0.472,0.561,0.662,183.000,181.830,182.835,183.870,11077.349,True,True,0.079,0.018
231,20.000,-0.080,0.395,0.553,0.715,177.100,177.518,178.483,179.472,8057.106,False,False,0.633,1.345
232,18.000,0.640,0.485,0.573,0.669,175.000,174.227,175.219,176.213,15441.776,True,True,0.067,0.018
233,19.500,1.480,0.944,1.106,1.285,180.700,179.223,180.226,181.295,8358.158,False,True,0.374,0.307
234,19.500,1.600,1.416,1.672,1.962,161.800,162.075,163.231,164.322,470.620,True,False,0.072,0.427
235,20.000,2.600,1.051,1.241,1.458,176.900,174.787,175.875,176.978,25284.514,False,True,1.359,1.335
236,18.000,0.360,0.196,0.271,0.351,176.800,174.816,175.733,176.675,16116.196,False,False,0.089,0.262
237,19.500,0.620,0.490,0.640,0.793,186.700,186.716,187.689,188.689,4856.179,True,False,0.020,0.553
238,19.500,3.660,2.568,3.164,4.160,182.600,181.927,183.208,184.551,1293.027,True,True,0.496,2.487
251,19.000,2.940,1.929,2.278,2.727,177.000,175.751,176.902,178.071,4446.694,False,True,0.662,1.894
252,18.000,0.440,0.359,0.442,0.526,174.000,171.915,172.865,173.821,6332.500,True,False,0.002,0.182
253,19.000,3.360,1.935,2.270,2.713,182.900,181.558,182.716,183.840,4796.874,False,True,1.090,2.314
254,18.000,0.360,0.279,0.358,0.441,170.100,168.798,169.749,170.706,4058.215,True,True,0.002,0.262
255,18.000,1.160,0.407,0.491,0.581,175.200,173.311,174.289,175.287,26011.380,False,True,0.669,0.538
256,20.000,1.960,1.270,1.485,1.756,171.300,168.291,169.386,170.512,10679.157,False,False,0.475,0.695
257,20.000,1.300,2.407,2.875,3.523,185.000,185.071,186.306,187.602,3219.457,False,False,1.575,0.035
258,19.000,3.300,3.339,4.108,5.331,184.400,184.400,185.711,186.998,477.664,False,False,0.808,2.254
259,18.000,0.540,0.644,0.750,0.877,169.400,168.523,169.542,170.540,6771.599,False,True,0.210,0.082
260,18.000,0.400,0.555,0.648,0.757,172.800,171.756,172.741,173.742,10881.599,False,True,0.248,0.222
261,19.000,0.560,0.698,0.838,0.974,194.600,194.265,195.248,196.303,478.828,False,True,0.278,0.486
262,19.500,1.720,1.908,2.184,2.517,182.000,182.692,183.839,184.935,1684.548,False,False,0.464,0.547
263,18.000,0.440,0.157,0.228,0.304,181.300,180.008,180.869,181.796,3665.040,False,True,0.212,0.182
264,20.000,1.100,1.263,1.477,1.748,167.800,168.070,169.155,170.291,7683.168,False,False,0.377,0.165
265,18.000,0.060,0.131,0.197,0.269,180.700,179.481,180.356,181.235,5713.604,False,True,0.137,0.562
266,18.000,0.800,0.678,0.778,0.896,174.500,174.699,175.681,176.670,8676.213,True,False,0.022,0.178
267,19.000,1.000,0.553,0.692,0.827,192.900,190.997,192.025,192.990,1062.101,False,True,0.308,0.046
268,19.000,1.600,1.316,1.527,1.798,177.300,176.078,177.162,178.264,17334.761,True,True,0.073,0.554
269,19.000,1.760,1.586,1.821,2.115,181.000,180.060,181.153,182.285,4160.176,True,True,0.061,0.714
270,18.000,-0.100,0.366,0.447,0.530,174.100,174.242,175.202,176.179,6402.526,False,False,0.547,0.722
271,18.000,0.580,0.211,0.289,0.368,171.000,170.231,171.175,172.112,12638.887,False,True,0.291,0.042
272,18.000,1.100,0.362,0.444,0.527,188.000,186.316,187.284,188.244,4304.942,False,True,0.656,0.478
273,19.500,1.240,0.797,0.953,1.115,181.500,180.320,181.313,182.380,6287.538,False,True,0.287,0.067
274,18.000,0.320,0.537,0.636,0.745,172.600,172.870,173.861,174.873,4741.100,False,False,0.316,0.302
275,20.500,0.980,0.288,0.431,0.588,184.200,182.173,183.072,184.032,4986.424,False,False,0.549,0.351
276,18.000,0.700,0.263,0.343,0.425,180.700,180.065,181.016,181.963,23749.588,False,True,0.357,0.078
277,18.000,0.260,0.159,0.231,0.308,178.800,177.739,178.630,179.560,10993.078,True,True,0.029,0.362
278,18.000,0.220,0.404,0.489,0.578,176.400,175.279,176.255,177.237,28634.962,False,True,0.269,0.402
