varyant,ESS,simdi_p10,simdi_medyan,simdi_p90,son_yil_p10,son_yil_medyan,son_yil_p90,kalan_p10,kalan_medyan,kalan_p90,H25_p10,H25_medyan,H25_p90,tepe_yasi_p10,tepe_yasi_medyan,tepe_yasi_p90,P_kalan_1cm,P_kalan_2cm
ana,913.791,170.859,171.715,172.554,2.728,3.174,3.697,2.609,2.999,3.461,173.593,174.716,175.897,14.125,14.475,14.725,1.000,1.000
ayakkabı olabilir,140.570,170.704,171.633,172.483,2.894,3.306,3.912,2.710,3.114,3.635,173.588,174.731,176.052,14.275,14.475,14.875,1.000,1.000
D = 1.0 cm,1000.408,170.372,171.244,172.077,2.630,3.069,3.524,2.509,2.903,3.309,173.010,174.146,175.258,14.125,14.475,14.675,1.000,0.999
D = 2.0 cm,1110.863,171.456,172.339,173.302,2.872,3.360,3.909,2.729,3.161,3.667,174.321,175.534,176.764,14.275,14.525,14.875,1.000,1.000
işaret sabah çizildi,2689.351,170.874,171.732,172.597,2.741,3.205,3.701,2.616,3.020,3.472,173.631,174.750,175.905,14.275,14.475,14.725,1.000,1.000
işaret akşam çizildi,1129.122,170.577,171.445,172.288,2.490,2.911,3.368,2.383,2.764,3.179,173.096,174.211,175.377,14.125,14.325,14.675,1.000,0.996
hatalar 2 kat,41415.357,169.863,171.399,172.931,2.144,2.930,3.844,2.090,2.781,3.591,172.196,174.198,176.265,13.975,14.325,14.875,1.000,0.927
anne-baba yok,894.413,170.902,171.761,172.617,2.744,3.201,3.701,2.623,3.014,3.487,173.647,174.775,175.912,14.275,14.475,14.725,1.000,1.000
yaş pencereleri ±0.1,664.723,171.066,171.969,172.918,2.756,3.292,3.885,2.632,3.094,3.656,173.874,175.043,176.453,14.275,14.525,14.875,1.000,1.000
