degerlendirici,sira,sol,sag,secilen
0,0,H09,H08,H09
0,1,H10,H05,H05
0,2,H06,H04,H06
0,3,H01,H02,H01
0,4,H03,H07,H07
0,5,H01,H08,H08
0,6,H04,H05,H05
0,7,H02,H07,H07
0,8,H10,H06,H06
0,9,H09,H03,H09
0,10,H05,H01,H05
0,11,H09,H06,H09
0,12,H04,H07,H07
0,13,H03,H10,H10
0,14,H02,H08,H08
0,15,H01,H04,H01
0,16,H07,H06,H07
0,17,H08,H05,H05
0,18,H02,H03,H03
0,19,H09,H10,H10
0,20,H09,H04,H09
0,21,H10,H07,H07
0,22,H03,H06,H06
0,23,H05,H02,H05
0,24,H07,H01,H07
0,25,H06,H08,H06
0,26,H10,H08,H10
0,27,H03,H04,H04
0,28,H01,H09,H09
0,29,H05,H09,H05
0,30,H02,H04,H02
0,31,H06,H05,H06
0,32,H08,H07,H07
0,33,H03,H01,H01
0,34,H02,H10,H10
0,35,H05,H03,H05
0,36,H10,H01,H10
0,37,H02,H09,H09
0,38,H04,H08,H08
0,39,H02,H06,H06
0,40,H09,H07,H09
0,41,H04,H10,H10
0,42,H07,H05,H07
0,43,H08,H03,H08
0,44,H06,H01,H06
1,0,H10,H04,H10
1,1,H01,H02,H02
1,2,H05,H07,H07
1,3,H06,H09,H09
1,4,H03,H08,H08
1,5,H04,H05,H05
1,6,H09,H03,H09
1,7,H08,H10,H10
1,8,H01,H06,H06
1,9,H07,H02,H07
1,10,H09,H01,H09
1,11,H10,H07,H07
1,12,H06,H03,H06
1,13,H02,H08,H02
1,14,H04,H02,H02
1,15,H09,H05,H05
1,16,H10,H05,H10
1,17,H06,H04,H06
1,18,H08,H01,H08
1,19,H03,H07,H07
1,20,H10,H03,H10
1,21,H09,H04,H09
1,22,H06,H05,H05
1,23,H07,H08,H07
1,24,H01,H03,H01
1,25,H02,H10,H10
1,26,H02,H05,H05
1,27,H01,H07,H07
1,28,H06,H08,H06
1,29,H09,H10,H10
1,30,H08,H04,H08
1,31,H07,H09,H07
1,32,H02,H06,H06
1,33,H03,H04,H04
1,34,H05,H01,H05
1,35,H09,H02,H02
1,36,H04,H07,H07
1,37,H01,H10,H10
1,38,H03,H05,H05
1,39,H05,H08,H05
1,40,H07,H06,H07
1,41,H02,H03,H02
1,42,H08,H09,H09
1,43,H04,H01,H01
1,44,H10,H06,H10
2,0,H01,H09,H01
2,1,H02,H03,H02
2,2,H10,H05,H10
2,3,H08,H04,H08
2,4,H06,H07,H06
2,5,H04,H07,H07
2,6,H08,H06,H06
2,7,H05,H02,H05
2,8,H10,H03,H10
2,9,H05,H01,H05
2,10,H03,H09,H09
2,11,H02,H07,H07
2,12,H08,H09,H09
2,13,H10,H04,H10
2,14,H01,H06,H06
2,15,H04,H03,H03
2,16,H06,H10,H10
2,17,H09,H02,H09
2,18,H07,H08,H07
2,19,H03,H05,H05
2,20,H07,H01,H07
2,21,H10,H01,H10
2,22,H05,H06,H06
2,23,H09,H04,H09
2,24,H08,H02,H08
2,25,H01,H03,H01
2,26,H06,H04,H06
2,27,H07,H05,H07
2,28,H10,H09,H09
2,29,H02,H04,H02
2,30,H08,H01,H08
2,31,H06,H03,H06
2,32,H08,H10,H10
2,33,H05,H09,H09
2,34,H01,H02,H02
2,35,H07,H09,H09
2,36,H04,H05,H05
2,37,H02,H10,H10
2,38,H03,H08,H03
2,39,H07,H03,H07
2,40,H02,H06,H06
2,41,H10,H07,H10
2,42,H01,H04,H01
2,43,H09,H06,H09
2,44,H05,H08,H05
3,0,H08,H02,H02
3,1,H03,H01,H03
3,2,H06,H04,H06
3,3,H10,H07,H10
3,4,H09,H05,H09
3,5,H01,H07,H07
3,6,H08,H05,H05
3,7,H09,H06,H09
3,8,H03,H10,H10
3,9,H02,H04,H02
3,10,H07,H04,H07
3,11,H10,H01,H10
3,12,H05,H06,H05
3,13,H08,H09,H09
3,14,H02,H03,H02
3,15,H10,H08,H10
3,16,H07,H05,H07
3,17,H09,H03,H09
3,18,H01,H06,H06
3,19,H04,H01,H01
3,20,H02,H09,H09
3,21,H03,H04,H04
3,22,H06,H02,H06
3,23,H10,H05,H05
3,24,H08,H07,H07
3,25,H09,H07,H07
3,26,H10,H04,H10
3,27,H03,H08,H08
3,28,H01,H02,H02
3,29,H08,H06,H06
3,30,H02,H05,H05
3,31,H07,H03,H07
3,32,H01,H09,H09
3,33,H06,H10,H10
3,34,H05,H04,H05
3,35,H08,H01,H08
3,36,H02,H07,H07
3,37,H04,H09,H09
3,38,H03,H05,H05
3,39,H06,H03,H06
3,40,H09,H10,H10
3,41,H01,H05,H05
3,42,H02,H10,H10
3,43,H06,H07,H07
3,44,H04,H08,H08
4,0,H09,H05,H05
4,1,H08,H07,H07
4,2,H06,H01,H06
4,3,H03,H10,H10
4,4,H02,H04,H02
4,5,H09,H04,H09
4,6,H05,H10,H10
4,7,H02,H01,H01
4,8,H07,H03,H07
4,9,H06,H08,H08
4,10,H10,H04,H10
4,11,H07,H05,H05
4,12,H09,H01,H09
4,13,H02,H03,H02
4,14,H06,H09,H06
4,15,H01,H08,H08
4,16,H05,H08,H05
4,17,H10,H07,H10
4,18,H04,H03,H03
4,19,H06,H02,H06
4,20,H08,H02,H08
4,21,H03,H01,H01
4,22,H06,H10,H10
4,23,H07,H09,H07
4,24,H05,H04,H05
4,25,H04,H08,H08
4,26,H06,H07,H07
4,27,H10,H02,H10
4,28,H09,H03,H09
4,29,H05,H01,H05
4,30,H01,H10,H10
4,31,H09,H02,H02
4,32,H03,H05,H05
4,33,H06,H04,H06
4,34,H04,H07,H07
4,35,H09,H08,H08
4,36,H06,H03,H06
4,37,H02,H07,H07
4,38,H08,H10,H10
4,39,H01,H04,H01
4,40,H05,H06,H05
4,41,H07,H01,H07
4,42,H08,H03,H08
4,43,H02,H05,H05
4,44,H09,H10,H09
5,0,H10,H07,H10
5,1,H06,H01,H06
5,2,H05,H04,H05
5,3,H09,H03,H09
5,4,H02,H08,H08
5,5,H10,H09,H10
5,6,H06,H03,H06
5,7,H08,H05,H05
5,8,H01,H07,H07
5,9,H02,H04,H02
5,10,H07,H06,H07
5,11,H08,H10,H10
5,12,H02,H09,H09
5,13,H01,H03,H01
5,14,H04,H01,H01
5,15,H10,H05,H10
5,16,H03,H07,H07
5,17,H09,H04,H09
5,18,H05,H06,H05
5,19,H02,H01,H02
5,20,H06,H08,H06
5,21,H05,H03,H05
5,22,H08,H07,H07
5,23,H10,H02,H10
5,24,H05,H09,H09
5,25,H04,H08,H08
5,26,H02,H07,H07
5,27,H10,H04,H10
5,28,H09,H06,H09
5,29,H05,H01,H05
5,30,H10,H03,H10
5,31,H03,H02,H02
5,32,H01,H08,H08
5,33,H04,H06,H06
5,34,H09,H07,H07
5,35,H06,H02,H06
5,36,H05,H07,H05
5,37,H01,H10,H10
5,38,H04,H03,H03
5,39,H08,H09,H09
5,40,H02,H05,H05
5,41,H06,H10,H06
5,42,H08,H03,H08
5,43,H04,H07,H07
5,44,H09,H01,H09
6,0,H01,H08,H01
6,1,H02,H09,H09
6,2,H03,H05,H05
6,3,H06,H10,H10
6,4,H07,H04,H07
6,5,H08,H05,H05
6,6,H02,H06,H06
6,7,H03,H10,H10
6,8,H01,H07,H07
6,9,H09,H04,H09
6,10,H02,H05,H05
6,11,H07,H08,H07
6,12,H09,H06,H09
6,13,H10,H04,H10
6,14,H01,H03,H01
6,15,H07,H10,H07
6,16,H06,H08,H08
6,17,H01,H02,H02
6,18,H03,H09,H09
6,19,H04,H05,H05
6,20,H09,H10,H09
6,21,H01,H05,H05
6,22,H03,H08,H08
6,23,H02,H07,H02
6,24,H06,H04,H06
6,25,H04,H08,H08
6,26,H06,H05,H05
6,27,H01,H09,H09
6,28,H02,H03,H02
6,29,H09,H07,H07
6,30,H10,H01,H10
6,31,H05,H07,H07
6,32,H08,H10,H10
6,33,H04,H03,H04
6,34,H02,H10,H10
6,35,H07,H06,H07
6,36,H01,H04,H01
6,37,H09,H05,H05
6,38,H03,H06,H06
6,39,H08,H02,H02
6,40,H02,H04,H02
6,41,H10,H05,H10
6,42,H03,H07,H07
6,43,H01,H06,H06
6,44,H08,H09,H09
7,0,H01,H10,H10
7,1,H06,H02,H06
7,2,H05,H03,H05
7,3,H04,H07,H07
7,4,H09,H08,H09
7,5,H07,H06,H07
7,6,H02,H01,H02
7,7,H10,H05,H10
7,8,H04,H08,H08
7,9,H03,H09,H09
7,10,H06,H08,H06
7,11,H10,H09,H10
7,12,H04,H01,H01
7,13,H03,H02,H02
7,14,H05,H07,H05
7,15,H09,H06,H09
7,16,H10,H07,H10
7,17,H04,H05,H05
7,18,H01,H08,H08
7,19,H01,H03,H01
7,20,H07,H02,H07
7,21,H04,H09,H09
7,22,H05,H08,H05
7,23,H06,H03,H06
7,24,H02,H10,H10
7,25,H04,H03,H03
7,26,H10,H06,H06
7,27,H07,H09,H07
7,28,H05,H02,H05
7,29,H07,H08,H07
7,30,H01,H05,H05
7,31,H06,H01,H01
7,32,H08,H10,H10
7,33,H02,H04,H02
7,34,H01,H09,H01
7,35,H10,H03,H10
7,36,H09,H05,H09
7,37,H03,H07,H07
7,38,H02,H08,H08
7,39,H06,H04,H06
7,40,H01,H07,H07
7,41,H05,H06,H05
7,42,H02,H09,H02
7,43,H10,H04,H10
7,44,H08,H03,H08
8,0,H03,H10,H10
8,1,H04,H05,H05
8,2,H07,H02,H07
8,3,H08,H09,H09
8,4,H06,H01,H06
8,5,H03,H04,H03
8,6,H09,H07,H07
8,7,H08,H05,H05
8,8,H10,H01,H10
8,9,H06,H02,H06
8,10,H10,H05,H05
8,11,H01,H02,H02
8,12,H04,H06,H06
8,13,H09,H03,H09
8,14,H07,H08,H07
8,15,H05,H03,H05
8,16,H01,H04,H01
8,17,H08,H02,H08
8,18,H07,H10,H07
8,19,H06,H09,H09
8,20,H05,H01,H05
8,21,H03,H07,H07
8,22,H02,H04,H02
8,23,H08,H06,H06
8,24,H10,H09,H09
8,25,H03,H08,H08
8,26,H07,H05,H05
8,27,H02,H10,H10
8,28,H04,H09,H09
8,29,H03,H06,H06
8,30,H01,H08,H08
8,31,H07,H04,H07
8,32,H09,H05,H09
8,33,H10,H06,H10
8,34,H01,H03,H01
8,35,H02,H05,H05
8,36,H09,H01,H09
8,37,H08,H04,H08
8,38,H07,H06,H07
8,39,H10,H08,H10
8,40,H03,H02,H02
8,41,H06,H05,H05
8,42,H09,H02,H09
8,43,H07,H01,H07
8,44,H10,H04,H10
9,0,H08,H10,H10
9,1,H02,H09,H09
9,2,H05,H06,H05
9,3,H01,H04,H01
9,4,H03,H07,H07
9,5,H08,H01,H01
9,6,H05,H10,H10
9,7,H02,H04,H02
9,8,H09,H06,H09
9,9,H01,H07,H01
9,10,H03,H02,H02
9,11,H06,H08,H06
9,12,H07,H05,H05
9,13,H09,H04,H09
9,14,H10,H03,H10
9,15,H05,H09,H05
9,16,H10,H07,H10
9,17,H01,H02,H02
9,18,H08,H03,H03
9,19,H06,H04,H06
9,20,H04,H05,H05
9,21,H01,H10,H10
9,22,H08,H09,H09
9,23,H06,H03,H06
9,24,H02,H07,H07
9,25,H10,H09,H09
9,26,H03,H04,H04
9,27,H08,H05,H05
9,28,H07,H06,H07
9,29,H08,H02,H08
9,30,H06,H01,H06
9,31,H03,H09,H09
9,32,H02,H05,H02
9,33,H10,H04,H10
9,34,H01,H05,H05
9,35,H07,H08,H07
9,36,H06,H10,H06
9,37,H07,H09,H07
9,38,H01,H03,H01
9,39,H07,H04,H07
9,40,H06,H02,H06
9,41,H08,H04,H08
9,42,H10,H02,H10
9,43,H01,H09,H09
9,44,H05,H03,H05
10,0,H01,H05,H05
10,1,H07,H10,H07
10,2,H08,H02,H08
10,3,H06,H04,H06
10,4,H09,H03,H09
10,5,H02,H07,H07
10,6,H04,H08,H08
10,7,H01,H09,H09
10,8,H05,H10,H10
10,9,H03,H06,H06
10,10,H04,H02,H02
10,11,H08,H05,H05
10,12,H10,H01,H10
10,13,H06,H07,H07
10,14,H07,H09,H07
10,15,H03,H05,H05
10,16,H04,H03,H04
10,17,H06,H10,H10
10,18,H08,H09,H09
10,19,H01,H02,H02
10,20,H07,H04,H07
10,21,H02,H05,H05
10,22,H10,H09,H09
10,23,H01,H03,H01
10,24,H06,H08,H06
10,25,H02,H03,H02
10,26,H04,H09,H09
10,27,H07,H01,H07
10,28,H06,H05,H06
10,29,H10,H08,H10
10,30,H03,H10,H10
10,31,H04,H05,H05
10,32,H08,H01,H08
10,33,H02,H09,H09
10,34,H05,H07,H07
10,35,H06,H01,H06
10,36,H06,H02,H06
10,37,H03,H08,H08
10,38,H04,H10,H10
10,39,H06,H09,H09
10,40,H07,H08,H07
10,41,H04,H01,H01
10,42,H03,H07,H07
10,43,H10,H02,H10
10,44,H05,H09,H09
11,0,H02,H05,H05
11,1,H01,H10,H10
11,2,H03,H08,H08
11,3,H07,H04,H07
11,4,H09,H06,H06
11,5,H05,H10,H10
11,6,H09,H08,H09
11,7,H03,H01,H01
11,8,H02,H06,H06
11,9,H01,H07,H07
11,10,H04,H08,H08
11,11,H10,H09,H10
11,12,H02,H03,H02
11,13,H04,H06,H06
11,14,H05,H07,H07
11,15,H06,H01,H06
11,16,H02,H09,H02
11,17,H08,H07,H07
11,18,H04,H03,H04
11,19,H08,H05,H05
11,20,H03,H10,H10
11,21,H09,H07,H09
11,22,H04,H01,H01
11,23,H10,H02,H10
11,24,H05,H06,H05
11,25,H04,H10,H10
11,26,H01,H08,H08
11,27,H02,H07,H07
11,28,H03,H06,H06
11,29,H09,H05,H05
11,30,H08,H06,H06
11,31,H01,H05,H05
11,32,H03,H07,H07
11,33,H09,H04,H09
11,34,H10,H06,H06
11,35,H02,H04,H02
11,36,H09,H03,H09
11,37,H07,H10,H10
11,38,H02,H08,H02
11,39,H02,H01,H02
11,40,H04,H05,H05
11,41,H07,H06,H06
11,42,H10,H08,H10
11,43,H09,H01,H09
11,44,H05,H03,H05
12,0,H07,H01,H07
12,1,H04,H10,H10
12,2,H09,H05,H09
12,3,H06,H08,H08
12,4,H02,H03,H02
12,5,H10,H09,H10
12,6,H01,H06,H06
12,7,H04,H03,H03
12,8,H08,H02,H08
12,9,H07,H05,H07
12,10,H02,H06,H06
12,11,H08,H07,H07
12,12,H05,H03,H05
12,13,H09,H01,H09
12,14,H10,H08,H10
12,15,H09,H04,H09
12,16,H06,H03,H06
12,17,H02,H10,H10
12,18,H01,H04,H01
12,19,H02,H05,H05
12,20,H06,H07,H07
12,21,H07,H03,H07
12,22,H01,H05,H05
12,23,H09,H08,H09
12,24,H04,H05,H05
12,25,H10,H07,H10
12,26,H01,H02,H02
12,27,H03,H10,H10
12,28,H09,H06,H06
12,29,H08,H04,H08
12,30,H09,H02,H09
12,31,H08,H01,H08
12,32,H06,H10,H06
12,33,H07,H04,H07
12,34,H08,H05,H05
12,35,H03,H01,H01
12,36,H04,H06,H06
12,37,H09,H07,H09
12,38,H10,H05,H10
12,39,H03,H09,H09
12,40,H07,H02,H07
12,41,H05,H06,H06
12,42,H04,H02,H02
12,43,H01,H10,H10
12,44,H08,H03,H08
13,0,H01,H04,H04
13,1,H07,H09,H09
13,2,H02,H08,H08
13,3,H05,H06,H05
13,4,H10,H03,H10
13,5,H10,H06,H10
13,6,H03,H07,H07
13,7,H05,H04,H05
13,8,H09,H02,H09
13,9,H01,H08,H01
13,10,H10,H08,H10
13,11,H05,H07,H07
13,12,H02,H06,H02
13,13,H04,H03,H03
13,14,H09,H01,H09
13,15,H04,H06,H06
13,16,H08,H09,H09
13,17,H10,H01,H10
13,18,H02,H07,H07
13,19,H05,H03,H05
13,20,H04,H10,H10
13,21,H02,H03,H03
13,22,H07,H08,H07
13,23,H09,H05,H09
13,24,H06,H01,H06
13,25,H09,H06,H06
13,26,H07,H01,H07
13,27,H05,H02,H05
13,28,H08,H03,H08
13,29,H04,H02,H02
13,30,H05,H10,H10
13,31,H10,H07,H10
13,32,H09,H03,H09
13,33,H08,H04,H08
13,34,H01,H03,H01
13,35,H08,H06,H06
13,36,H07,H04,H07
13,37,H02,H10,H10
13,38,H05,H01,H05
13,39,H06,H07,H06
13,40,H09,H10,H10
13,41,H02,H01,H02
13,42,H06,H03,H06
13,43,H09,H04,H09
13,44,H05,H08,H05
14,0,H04,H08,H08
14,1,H02,H09,H09
14,2,H10,H07,H07
14,3,H03,H06,H06
14,4,H05,H01,H05
14,5,H01,H04,H01
14,6,H10,H05,H05
14,7,H07,H06,H07
14,8,H03,H09,H09
14,9,H02,H08,H02
14,10,H06,H02,H06
14,11,H08,H03,H08
14,12,H09,H10,H10
14,13,H05,H04,H05
14,14,H01,H07,H07
14,15,H02,H01,H02
14,16,H09,H06,H09
14,17,H07,H04,H07
14,18,H03,H05,H05
14,19,H08,H10,H10
14,20,H08,H07,H07
14,21,H04,H02,H04
14,22,H06,H05,H05
14,23,H01,H09,H09
14,24,H10,H03,H10
14,25,H03,H07,H07
14,26,H10,H02,H10
14,27,H06,H01,H06
14,28,H05,H09,H05
14,29,H06,H04,H06
14,30,H08,H05,H05
14,31,H07,H09,H09
14,32,H10,H04,H10
14,33,H03,H01,H01
14,34,H02,H07,H07
14,35,H06,H08,H06
14,36,H09,H04,H09
14,37,H10,H01,H10
14,38,H05,H02,H05
14,39,H08,H09,H09
14,40,H03,H04,H04
14,41,H03,H02,H02
14,42,H08,H01,H08
14,43,H05,H07,H07
14,44,H06,H10,H10
15,0,H04,H01,H01
15,1,H02,H07,H07
15,2,H10,H03,H10
15,3,H09,H06,H09
15,4,H08,H05,H05
15,5,H08,H07,H08
15,6,H06,H10,H10
15,7,H04,H09,H09
15,8,H01,H03,H01
15,9,H02,H05,H02
15,10,H04,H02,H02
15,11,H07,H03,H07
15,12,H01,H08,H08
15,13,H10,H05,H05
15,14,H06,H04,H06
15,15,H10,H09,H10
15,16,H06,H03,H06
15,17,H09,H08,H09
15,18,H01,H02,H02
15,19,H05,H07,H07
15,20,H03,H08,H08
15,21,H04,H07,H07
15,22,H02,H06,H06
15,23,H09,H01,H01
15,24,H10,H04,H10
15,25,H09,H05,H09
15,26,H07,H06,H07
15,27,H02,H10,H10
15,28,H05,H03,H05
15,29,H01,H06,H06
15,30,H08,H02,H08
15,31,H10,H08,H10
15,32,H09,H07,H07
15,33,H04,H05,H05
15,34,H01,H07,H07
15,35,H04,H03,H04
15,36,H01,H05,H05
15,37,H02,H03,H02
15,38,H08,H06,H06
15,39,H09,H03,H09
15,40,H01,H10,H10
15,41,H05,H06,H05
15,42,H07,H10,H07
15,43,H04,H08,H08
15,44,H02,H09,H09
16,0,H09,H05,H09
16,1,H07,H06,H07
16,2,H02,H10,H10
16,3,H01,H08,H01
16,4,H04,H03,H04
16,5,H09,H04,H09
16,6,H03,H01,H01
16,7,H07,H10,H07
16,8,H05,H02,H02
16,9,H06,H08,H06
16,10,H04,H07,H07
16,11,H05,H03,H05
16,12,H06,H02,H02
16,13,H09,H10,H10
16,14,H01,H10,H10
16,15,H03,H08,H08
16,16,H01,H09,H09
16,17,H02,H04,H02
16,18,H05,H08,H05
16,19,H07,H09,H09
16,20,H06,H03,H06
16,21,H02,H01,H02
16,22,H05,H07,H05
16,23,H10,H04,H10
16,24,H04,H06,H06
16,25,H09,H08,H08
16,26,H01,H06,H06
16,27,H02,H03,H02
16,28,H08,H07,H07
16,29,H05,H10,H10
16,30,H07,H03,H07
16,31,H04,H05,H05
16,32,H06,H10,H10
16,33,H02,H08,H08
16,34,H01,H05,H05
16,35,H09,H03,H09
16,36,H09,H06,H06
16,37,H07,H01,H07
16,38,H10,H08,H10
16,39,H02,H09,H09
16,40,H04,H01,H01
16,41,H05,H06,H06
16,42,H07,H02,H07
16,43,H03,H10,H10
16,44,H04,H08,H08
17,0,H04,H03,H03
17,1,H01,H10,H10
17,2,H05,H08,H05
17,3,H09,H07,H07
17,4,H02,H06,H06
17,5,H06,H10,H10
17,6,H08,H04,H08
17,7,H01,H07,H07
17,8,H05,H03,H05
17,9,H09,H02,H02
17,10,H10,H08,H10
17,11,H06,H09,H09
17,12,H07,H03,H07
17,13,H04,H01,H04
17,14,H05,H02,H05
17,15,H02,H10,H10
17,16,H07,H06,H06
17,17,H09,H01,H09
17,18,H05,H04,H05
17,19,H08,H03,H03
17,20,H07,H08,H07
17,21,H01,H06,H06
17,22,H10,H03,H10
17,23,H09,H05,H09
17,24,H02,H04,H02
17,25,H09,H10,H09
17,26,H01,H08,H01
17,27,H04,H07,H07
17,28,H06,H05,H05
17,29,H02,H03,H03
17,30,H01,H02,H02
17,31,H09,H08,H09
17,32,H06,H04,H06
17,33,H07,H05,H05
17,34,H10,H04,H10
17,35,H01,H03,H01
17,36,H05,H10,H05
17,37,H08,H06,H06
17,38,H03,H09,H09
17,39,H02,H07,H07
17,40,H03,H06,H06
17,41,H09,H04,H09
17,42,H02,H08,H02
17,43,H07,H10,H10
17,44,H05,H01,H05
18,0,H04,H09,H09
18,1,H06,H05,H05
18,2,H10,H07,H10
18,3,H08,H01,H08
18,4,H03,H02,H02
18,5,H08,H09,H09
18,6,H07,H01,H07
18,7,H05,H10,H10
18,8,H06,H02,H06
18,9,H03,H04,H04
18,10,H05,H01,H05
18,11,H07,H02,H07
18,12,H09,H03,H09
18,13,H10,H04,H10
18,14,H08,H06,H06
18,15,H07,H03,H07
18,16,H09,H10,H10
18,17,H02,H04,H02
18,18,H08,H05,H05
18,19,H06,H01,H01
18,20,H05,H09,H09
18,21,H02,H10,H10
18,22,H08,H07,H07
18,23,H04,H06,H06
18,24,H03,H01,H01
18,25,H06,H07,H07
18,26,H10,H08,H10
18,27,H02,H05,H05
18,28,H04,H01,H01
18,29,H05,H03,H05
18,30,H09,H06,H06
18,31,H02,H08,H02
18,32,H01,H09,H09
18,33,H07,H04,H07
18,34,H03,H10,H10
18,35,H10,H06,H10
18,36,H02,H01,H02
18,37,H05,H07,H07
18,38,H04,H08,H08
18,39,H08,H03,H08
18,40,H09,H07,H09
18,41,H02,H09,H09
18,42,H03,H06,H06
18,43,H10,H01,H10
18,44,H05,H04,H05
19,0,H05,H07,H07
19,1,H06,H03,H06
19,2,H04,H09,H09
19,3,H10,H02,H02
19,4,H08,H01,H08
19,5,H09,H08,H09
19,6,H07,H02,H07
19,7,H04,H01,H01
19,8,H10,H06,H10
19,9,H03,H05,H05
19,10,H03,H01,H01
19,11,H04,H07,H07
19,12,H06,H09,H09
19,13,H02,H08,H02
19,14,H05,H10,H05
19,15,H08,H07,H07
19,16,H05,H01,H05
19,17,H04,H06,H06
19,18,H09,H10,H10
19,19,H03,H02,H02
19,20,H10,H07,H07
19,21,H04,H02,H02
19,22,H03,H09,H09
19,23,H06,H08,H06
19,24,H05,H08,H05
19,25,H10,H01,H10
19,26,H06,H02,H06
19,27,H07,H03,H07
19,28,H09,H05,H05
19,29,H02,H01,H02
19,30,H03,H04,H03
19,31,H05,H06,H05
19,32,H07,H09,H07
19,33,H08,H04,H08
19,34,H01,H06,H06
19,35,H04,H10,H10
19,36,H02,H09,H09
19,37,H10,H08,H10
19,38,H01,H07,H07
19,39,H03,H08,H08
19,40,H05,H02,H02
19,41,H05,H04,H05
19,42,H07,H06,H06
19,43,H01,H09,H09
19,44,H10,H03,H10
20,0,H09,H03,H09
20,1,H04,H01,H01
20,2,H08,H06,H06
20,3,H05,H02,H05
20,4,H10,H07,H10
20,5,H03,H02,H02
20,6,H10,H09,H10
20,7,H01,H08,H08
20,8,H05,H07,H05
20,9,H06,H04,H06
20,10,H09,H02,H09
20,11,H05,H10,H10
20,12,H06,H01,H06
20,13,H04,H07,H07
20,14,H08,H03,H08
20,15,H01,H10,H10
20,16,H06,H07,H07
20,17,H09,H08,H09
20,18,H05,H04,H05
20,19,H04,H02,H02
20,20,H01,H03,H01
20,21,H02,H07,H07
20,22,H03,H05,H05
20,23,H06,H10,H10
20,24,H09,H05,H05
20,25,H02,H08,H02
20,26,H08,H04,H08
20,27,H03,H06,H06
20,28,H01,H07,H07
20,29,H04,H10,H10
20,30,H09,H01,H09
20,31,H05,H06,H05
20,32,H08,H07,H07
20,33,H10,H03,H10
20,34,H09,H07,H07
20,35,H06,H02,H06
20,36,H01,H05,H05
20,37,H02,H10,H10
20,38,H03,H04,H04
20,39,H08,H05,H05
20,40,H09,H04,H09
20,41,H02,H01,H02
20,42,H07,H03,H07
20,43,H09,H06,H06
20,44,H08,H10,H10
21,0,H05,H08,H05
21,1,H02,H10,H10
21,2,H09,H07,H07
21,3,H01,H03,H01
21,4,H06,H04,H06
21,5,H09,H05,H09
21,6,H10,H03,H10
21,7,H07,H06,H07
21,8,H08,H04,H08
21,9,H01,H02,H02
21,10,H06,H03,H06
21,11,H04,H05,H05
21,12,H07,H02,H07
21,13,H09,H10,H10
21,14,H08,H01,H01
21,15,H06,H09,H09
21,16,H03,H04,H03
21,17,H07,H01,H07
21,18,H10,H08,H10
21,19,H05,H02,H02
21,20,H02,H08,H02
21,21,H04,H10,H10
21,22,H05,H07,H07
21,23,H09,H01,H09
21,24,H03,H02,H02
21,25,H06,H05,H05
21,26,H10,H01,H10
21,27,H04,H09,H09
21,28,H08,H03,H08
21,29,H02,H06,H02
21,30,H07,H03,H07
21,31,H10,H05,H10
21,32,H06,H08,H06
21,33,H04,H07,H07
21,34,H05,H01,H05
21,35,H08,H09,H09
21,36,H09,H03,H09
21,37,H10,H06,H10
21,38,H02,H04,H02
21,39,H06,H01,H06
21,40,H07,H08,H07
21,41,H10,H07,H10
21,42,H02,H09,H09
21,43,H04,H01,H01
21,44,H03,H05,H05
22,0,H06,H08,H08
22,1,H02,H01,H02
22,2,H03,H09,H09
22,3,H04,H10,H10
22,4,H05,H07,H07
22,5,H04,H09,H09
22,6,H03,H10,H10
22,7,H07,H02,H07
22,8,H08,H01,H01
22,9,H06,H05,H06
22,10,H07,H06,H07
22,11,H05,H10,H10
22,12,H08,H04,H08
22,13,H09,H01,H09
22,14,H02,H03,H02
22,15,H06,H03,H06
22,16,H07,H08,H08
22,17,H05,H02,H05
22,18,H09,H10,H10
22,19,H01,H04,H01
22,20,H06,H10,H10
22,21,H08,H09,H09
22,22,H07,H01,H07
22,23,H03,H04,H03
22,24,H06,H02,H06
22,25,H04,H05,H05
22,26,H09,H05,H09
22,27,H10,H01,H10
22,28,H08,H02,H08
22,29,H07,H03,H07
22,30,H06,H04,H06
22,31,H05,H03,H05
22,32,H10,H08,H10
22,33,H09,H07,H09
22,34,H02,H09,H09
22,35,H05,H01,H05
22,36,H10,H07,H10
22,37,H03,H08,H08
22,38,H04,H02,H02
22,39,H01,H06,H06
22,40,H04,H07,H07
22,41,H10,H02,H10
22,42,H06,H09,H09
22,43,H03,H01,H01
22,44,H08,H05,H05
23,0,H03,H02,H02
23,1,H07,H08,H07
23,2,H05,H10,H10
23,3,H06,H01,H06
23,4,H09,H04,H09
23,5,H05,H03,H05
23,6,H01,H07,H07
23,7,H10,H08,H10
23,8,H02,H09,H09
23,9,H04,H06,H06
23,10,H01,H10,H10
23,11,H09,H07,H07
23,12,H06,H08,H06
23,13,H04,H05,H05
23,14,H10,H02,H10
23,15,H08,H03,H08
23,16,H02,H05,H02
23,17,H01,H03,H03
23,18,H07,H04,H07
23,19,H06,H09,H06
23,20,H05,H08,H08
23,21,H03,H04,H04
23,22,H10,H09,H10
23,23,H01,H02,H01
23,24,H07,H06,H06
23,25,H07,H02,H07
23,26,H06,H03,H06
23,27,H05,H01,H05
23,28,H08,H09,H09
23,29,H04,H10,H10
23,30,H02,H04,H02
23,31,H10,H06,H10
23,32,H09,H01,H09
23,33,H07,H05,H07
23,34,H08,H01,H08
23,35,H03,H07,H07
23,36,H08,H02,H08
23,37,H09,H05,H09
23,38,H10,H03,H10
23,39,H05,H06,H05
23,40,H04,H08,H04
23,41,H02,H06,H06
23,42,H04,H01,H04
23,43,H07,H10,H10
23,44,H09,H03,H09
24,0,H10,H09,H10
24,1,H06,H08,H06
24,2,H04,H05,H05
24,3,H02,H07,H07
24,4,H01,H03,H01
24,5,H06,H01,H01
24,6,H04,H09,H09
24,7,H10,H07,H07
24,8,H08,H05,H08
24,9,H02,H03,H02
24,10,H10,H04,H10
24,11,H03,H07,H07
24,12,H02,H05,H02
24,13,H01,H09,H01
24,14,H06,H04,H04
24,15,H01,H08,H08
24,16,H10,H05,H10
24,17,H09,H03,H09
24,18,H02,H06,H06
24,19,H08,H07,H07
24,20,H03,H05,H05
24,21,H06,H10,H06
24,22,H01,H04,H04
24,23,H08,H02,H08
24,24,H07,H09,H07
24,25,H05,H09,H09
24,26,H07,H06,H07
24,27,H03,H08,H08
24,28,H01,H02,H02
24,29,H10,H02,H10
24,30,H07,H04,H07
24,31,H03,H06,H06
24,32,H01,H05,H05
24,33,H10,H08,H10
24,34,H04,H02,H02
24,35,H09,H08,H09
24,36,H10,H03,H10
24,37,H05,H06,H06
24,38,H07,H01,H07
24,39,H04,H08,H08
24,40,H09,H02,H02
24,41,H03,H04,H03
24,42,H10,H01,H10
24,43,H07,H05,H07
24,44,H09,H06,H06
25,0,H10,H04,H10
25,1,H06,H05,H05
25,2,H09,H08,H09
25,3,H02,H07,H07
25,4,H01,H03,H03
25,5,H03,H04,H03
25,6,H07,H08,H07
25,7,H06,H01,H06
25,8,H02,H09,H09
25,9,H10,H05,H10
25,10,H06,H10,H10
25,11,H01,H08,H08
25,12,H09,H05,H09
25,13,H07,H04,H07
25,14,H03,H02,H02
25,15,H03,H06,H06
25,16,H08,H04,H08
25,17,H05,H01,H05
25,18,H02,H10,H10
25,19,H09,H07,H07
25,20,H10,H01,H10
25,21,H05,H04,H05
25,22,H03,H08,H08
25,23,H02,H06,H02
25,24,H06,H09,H09
25,25,H01,H07,H07
25,26,H03,H10,H10
25,27,H02,H04,H02
25,28,H05,H08,H05
25,29,H03,H09,H09
25,30,H05,H07,H07
25,31,H02,H01,H02
25,32,H07,H10,H10
25,33,H06,H04,H06
25,34,H02,H08,H08
25,35,H09,H04,H09
25,36,H07,H06,H06
25,37,H09,H10,H10
25,38,H05,H03,H05
25,39,H10,H08,H10
25,40,H01,H09,H09
25,41,H06,H08,H08
25,42,H03,H07,H07
25,43,H05,H02,H05
25,44,H01,H04,H01
26,0,H01,H05,H05
26,1,H06,H09,H09
26,2,H10,H07,H07
26,3,H04,H03,H04
26,4,H08,H02,H02
26,5,H10,H06,H06
26,6,H08,H01,H08
26,7,H02,H07,H07
26,8,H03,H05,H05
26,9,H09,H04,H09
26,10,H09,H02,H09
26,11,H03,H10,H10
26,12,H07,H04,H07
26,13,H06,H08,H06
26,14,H05,H04,H05
26,15,H01,H07,H07
26,16,H02,H05,H05
26,17,H01,H06,H06
26,18,H03,H09,H09
26,19,H08,H10,H10
26,20,H08,H07,H07
26,21,H03,H02,H02
26,22,H05,H10,H10
26,23,H09,H01,H09
26,24,H06,H04,H06
26,25,H01,H03,H01
26,26,H04,H08,H08
26,27,H07,H09,H07
26,28,H06,H02,H06
26,29,H10,H09,H10
26,30,H07,H05,H07
26,31,H05,H06,H05
26,32,H08,H03,H08
26,33,H01,H10,H10
26,34,H04,H02,H02
26,35,H06,H03,H06
26,36,H10,H04,H10
26,37,H08,H09,H09
26,38,H01,H02,H02
26,39,H07,H03,H07
26,40,H09,H05,H09
26,41,H06,H07,H07
26,42,H08,H05,H05
26,43,H01,H04,H01
26,44,H02,H10,H10
27,0,H03,H05,H05
27,1,H01,H08,H08
27,2,H06,H09,H06
27,3,H04,H02,H02
27,4,H07,H10,H10
27,5,H03,H07,H07
27,6,H04,H08,H08
27,7,H05,H09,H09
27,8,H02,H10,H10
27,9,H01,H06,H06
27,10,H02,H01,H02
27,11,H08,H10,H10
27,12,H04,H09,H09
27,13,H05,H06,H05
27,14,H08,H03,H08
27,15,H07,H05,H07
27,16,H07,H01,H07
27,17,H06,H03,H06
27,18,H02,H09,H09
27,19,H04,H10,H10
27,20,H05,H02,H05
27,21,H09,H08,H09
27,22,H07,H04,H07
27,23,H06,H10,H10
27,24,H01,H03,H01
27,25,H08,H07,H07
27,26,H03,H04,H04
27,27,H01,H10,H10
27,28,H06,H02,H06
27,29,H03,H09,H09
27,30,H05,H08,H05
27,31,H02,H07,H07
27,32,H01,H09,H09
27,33,H10,H05,H10
27,34,H04,H06,H06
27,35,H10,H03,H10
27,36,H01,H05,H05
27,37,H09,H07,H09
27,38,H08,H06,H06
27,39,H02,H03,H02
27,40,H01,H04,H01
27,41,H02,H08,H02
27,42,H06,H07,H07
27,43,H05,H04,H05
27,44,H10,H09,H09
28,0,H02,H03,H02
28,1,H05,H06,H05
28,2,H07,H10,H10
28,3,H01,H09,H01
28,4,H08,H04,H08
28,5,H10,H06,H10
28,6,H05,H03,H03
28,7,H09,H04,H09
28,8,H08,H02,H02
28,9,H01,H07,H07
28,10,H04,H05,H05
28,11,H01,H10,H10
28,12,H09,H07,H07
28,13,H03,H08,H08
28,14,H06,H02,H06
28,15,H04,H02,H02
28,16,H03,H09,H09
28,17,H08,H07,H08
28,18,H06,H01,H06
28,19,H10,H05,H05
28,20,H07,H05,H07
28,21,H01,H02,H02
28,22,H06,H08,H06
28,23,H04,H10,H10
28,24,H10,H09,H09
28,25,H04,H03,H04
28,26,H08,H01,H08
28,27,H02,H09,H09
28,28,H06,H03,H06
28,29,H07,H04,H07
28,30,H05,H02,H05
28,31,H03,H01,H01
28,32,H09,H06,H09
28,33,H10,H08,H08
28,34,H01,H05,H05
28,35,H07,H03,H07
28,36,H05,H09,H05
28,37,H02,H10,H10
28,38,H06,H07,H07
28,39,H04,H01,H01
28,40,H09,H08,H08
28,41,H04,H06,H06
28,42,H10,H03,H10
28,43,H02,H07,H07
28,44,H08,H05,H05
29,0,H06,H02,H02
29,1,H03,H04,H03
29,2,H09,H01,H09
29,3,H05,H10,H10
29,4,H08,H07,H07
29,5,H05,H01,H05
29,6,H03,H10,H10
29,7,H06,H09,H09
29,8,H08,H04,H08
29,9,H02,H07,H07
29,10,H08,H10,H10
29,11,H03,H09,H09
29,12,H06,H07,H07
29,13,H02,H05,H05
29,14,H04,H01,H01
29,15,H09,H05,H09
29,16,H06,H04,H06
29,17,H01,H03,H01
29,18,H08,H02,H08
29,19,H07,H10,H10
29,20,H09,H08,H09
29,21,H10,H01,H10
29,22,H03,H06,H06
29,23,H05,H07,H07
29,24,H04,H02,H02
29,25,H06,H01,H06
29,26,H08,H05,H05
29,27,H07,H03,H07
29,28,H02,H10,H10
29,29,H09,H04,H09
29,30,H05,H06,H05
29,31,H02,H01,H01
29,32,H07,H09,H09
29,33,H04,H10,H10
29,34,H03,H08,H08
29,35,H03,H02,H02
29,36,H07,H04,H07
29,37,H08,H01,H08
29,38,H09,H10,H10
29,39,H10,H06,H06
29,40,H05,H03,H05
29,41,H04,H05,H05
29,42,H02,H09,H09
29,43,H07,H01,H07
29,44,H06,H08,H06
