senaryo,varyant,fark25_medyan,fark25_p5,fark25_p95,sinif
P1 Stresle kısa uyku (6 sa),ana,0.0000,0.0000,0.0000,etki yok (< 0.1 cm)
P2 Stresle iştah kaybı (-300 kcal),ana,0.0000,0.0000,0.0000,etki yok (< 0.1 cm)
P3 Yeme bozukluğu düzeyinde kısıtlama (-1000 kcal),ana,0.0000,0.0000,0.0000,etki yok (< 0.1 cm)
"T1 Çok tavuk, dengeli",ana,0.0000,0.0000,0.0000,etki yok (< 0.1 cm)
"T2 Tavuk-pirinç, süt ürünü yok",ana,0.0000,0.0000,0.0000,etki yok (< 0.1 cm)
T3 Tavukla kilo verme (-500 kcal),ana,0.0000,0.0000,0.0000,etki yok (< 0.1 cm)
P2 Stresle iştah kaybı (-300 kcal),N_min 0.3,0.0000,0.0000,0.0000,etki yok (< 0.1 cm)
P3 Yeme bozukluğu düzeyinde kısıtlama (-1000 kcal),N_min 0.3,0.0000,0.0000,0.0000,etki yok (< 0.1 cm)
T3 Tavukla kilo verme (-500 kcal),N_min 0.3,0.0000,0.0000,0.0000,etki yok (< 0.1 cm)
P2 Stresle iştah kaybı (-300 kcal),N_min 0.8,0.0000,0.0000,0.0000,etki yok (< 0.1 cm)
P3 Yeme bozukluğu düzeyinde kısıtlama (-1000 kcal),N_min 0.8,0.0000,0.0000,0.0000,etki yok (< 0.1 cm)
T3 Tavukla kilo verme (-500 kcal),N_min 0.8,0.0000,0.0000,0.0000,etki yok (< 0.1 cm)
P2 Stresle iştah kaybı (-300 kcal),N_E doğrusal,0.0000,0.0000,0.0000,etki yok (< 0.1 cm)
P3 Yeme bozukluğu düzeyinde kısıtlama (-1000 kcal),N_E doğrusal,-0.0085,-0.0208,-0.0031,etki yok (< 0.1 cm)
T3 Tavukla kilo verme (-500 kcal),N_E doğrusal,-0.0002,-0.0010,0.0000,etki yok (< 0.1 cm)
P1 Stresle kısa uyku (6 sa),iştah k 0/0,0.0000,0.0000,0.0000,etki yok (< 0.1 cm)
P2 Stresle iştah kaybı (-300 kcal),iştah k 0/0,0.0000,0.0000,0.0000,etki yok (< 0.1 cm)
P3 Yeme bozukluğu düzeyinde kısıtlama (-1000 kcal),iştah k 0/0,0.0000,0.0000,0.0000,etki yok (< 0.1 cm)
"T1 Çok tavuk, dengeli",iştah k 0/0,0.0000,0.0000,0.0000,etki yok (< 0.1 cm)
"T2 Tavuk-pirinç, süt ürünü yok",iştah k 0/0,0.0000,0.0000,0.0000,etki yok (< 0.1 cm)
T3 Tavukla kilo verme (-500 kcal),iştah k 0/0,0.0000,0.0000,0.0000,etki yok (< 0.1 cm)
P1 Stresle kısa uyku (6 sa),N_uyku 0.95,-0.0414,-0.1335,-0.0143,etki yok (< 0.1 cm)
P2 Stresle iştah kaybı (-300 kcal),iştah kaybı -500,0.0000,0.0000,0.0000,etki yok (< 0.1 cm)
P2 Stresle iştah kaybı (-300 kcal),BMI 18.5,0.0000,0.0000,0.0000,etki yok (< 0.1 cm)
P3 Yeme bozukluğu düzeyinde kısıtlama (-1000 kcal),BMI 18.5,0.0000,0.0000,0.0000,etki yok (< 0.1 cm)
T3 Tavukla kilo verme (-500 kcal),BMI 18.5,0.0000,0.0000,0.0000,etki yok (< 0.1 cm)
P2 Stresle iştah kaybı (-300 kcal),BMI 25.0,0.0000,0.0000,0.0000,etki yok (< 0.1 cm)
P3 Yeme bozukluğu düzeyinde kısıtlama (-1000 kcal),BMI 25.0,0.0000,0.0000,0.0000,etki yok (< 0.1 cm)
T3 Tavukla kilo verme (-500 kcal),BMI 25.0,0.0000,0.0000,0.0000,etki yok (< 0.1 cm)
K2b Varsayımsal: %10 hızlandırsaydı,16.0'da başlasaydı,0.3378,0.1156,1.0393,ölçülemeyecek kadar küçük (0.1-0.5 cm)
P3 Yeme bozukluğu düzeyinde kısıtlama (-1000 kcal),16.0-17.0 arasında olsaydı,0.0000,0.0000,0.0000,etki yok (< 0.1 cm)
