varyant,K1_medyan,K2_medyan,K2_p5,K2_p95,K3_medyan,K3_p5,K3_p95,toplam_medyan,P_kisisel_yan,olay_hafta,kasli_pay_hatirlanan
ana,0.000,0.969,-1.113,3.123,1.144,0.105,2.281,2.123,0.725,15.000,0.417
"κ U(0, 0.15)",0.185,0.907,-1.133,2.987,1.156,0.119,2.267,2.300,0.742,15.000,0.429
saç eşit (0),-0.001,0.981,-1.092,3.098,1.200,0.115,2.282,2.191,0.751,15.000,0.429
"β_güç U(0, 1)",0.000,-0.024,-1.392,1.388,1.144,0.105,2.281,1.137,0.624,13.000,0.385
"β_güç U(1, 3)",0.000,2.969,0.887,5.123,1.144,0.105,2.281,4.123,0.879,18.000,0.467
β_en 0,0.000,2.018,0.189,3.788,1.155,0.130,2.258,3.193,0.819,16.000,0.455
"β_en U(−2, −1)",0.000,-1.031,-3.113,1.123,1.144,0.105,2.281,0.123,0.511,12.000,0.333
karşılaşma 30,-0.000,1.007,-1.008,3.088,1.229,0.128,2.290,2.230,0.738,4.000,0.400
karşılaşma 300,0.002,1.011,-1.203,3.133,1.176,0.117,2.265,2.216,0.740,44.000,0.419
hatırlama m = 1,0.000,1.014,-1.049,3.076,1.174,0.105,2.259,2.118,0.731,15.000,0.333
"hatırlama m U(2, 3)",0.000,0.969,-1.113,3.123,1.144,0.105,2.281,2.123,0.725,15.000,0.500
