secim,N,R,pse2_gercek,guc,kapsama,ort_tahmin,medyan_aralik_genisligi
amacli,10,15,0.000,0.077,0.923,-0.042,2.650
amacli,10,15,1.000,0.357,0.923,1.072,2.680
amacli,10,15,2.000,0.760,0.913,2.014,3.016
amacli,10,15,3.000,0.940,0.890,3.494,3.210
amacli,10,30,0.000,0.087,0.913,0.044,2.482
amacli,10,30,1.000,0.377,0.903,1.002,2.589
amacli,10,30,2.000,0.807,0.900,2.048,2.877
amacli,10,30,3.000,0.910,0.810,3.243,2.976
amacli,10,50,0.000,0.050,0.950,-0.021,2.740
amacli,10,50,1.000,0.447,0.917,1.071,2.608
amacli,10,50,2.000,0.803,0.907,2.080,2.941
amacli,10,50,3.000,0.950,0.783,3.016,2.954
amacli,16,15,0.000,0.083,0.917,0.004,1.810
amacli,16,15,1.000,0.560,0.900,1.011,1.918
amacli,16,15,2.000,0.953,0.880,2.069,1.974
amacli,16,15,3.000,1.000,0.840,3.192,2.268
amacli,16,30,0.000,0.083,0.917,0.012,1.785
amacli,16,30,1.000,0.617,0.937,1.065,1.881
amacli,16,30,2.000,0.973,0.907,1.978,1.913
amacli,16,30,3.000,1.000,0.807,3.152,2.066
amacli,16,50,0.000,0.083,0.917,-0.002,1.765
amacli,16,50,1.000,0.600,0.893,1.021,1.758
amacli,16,50,2.000,0.983,0.913,2.016,1.887
amacli,16,50,3.000,1.000,0.820,3.104,2.142
amacli,20,15,0.000,0.093,0.907,0.000,1.638
amacli,20,15,1.000,0.650,0.917,1.013,1.639
amacli,20,15,2.000,0.997,0.890,1.980,1.717
amacli,20,15,3.000,1.000,0.837,3.079,1.881
amacli,20,30,0.000,0.073,0.927,0.004,1.540
amacli,20,30,1.000,0.740,0.903,0.998,1.555
amacli,20,30,2.000,1.000,0.890,1.959,1.548
amacli,20,30,3.000,1.000,0.857,3.100,1.810
amacli,20,50,0.000,0.077,0.923,-0.002,1.488
amacli,20,50,1.000,0.673,0.907,0.951,1.488
amacli,20,50,2.000,0.997,0.893,2.012,1.591
amacli,20,50,3.000,1.000,0.810,3.077,1.748
amacli,30,15,0.000,0.117,0.883,-0.003,1.349
amacli,30,15,1.000,0.733,0.903,0.959,1.371
amacli,30,15,2.000,1.000,0.893,2.021,1.428
amacli,30,15,3.000,1.000,0.803,3.022,1.539
amacli,30,30,0.000,0.057,0.943,-0.012,1.217
amacli,30,30,1.000,0.863,0.937,1.024,1.268
amacli,30,30,2.000,0.993,0.883,2.006,1.331
amacli,30,30,3.000,1.000,0.820,2.987,1.437
amacli,30,50,0.000,0.073,0.927,-0.003,1.221
amacli,30,50,1.000,0.863,0.920,0.985,1.241
amacli,30,50,2.000,1.000,0.910,2.004,1.331
amacli,30,50,3.000,1.000,0.833,3.018,1.408
amacli,40,15,0.000,0.083,0.917,-0.003,1.221
amacli,40,15,1.000,0.887,0.927,1.020,1.226
amacli,40,15,2.000,1.000,0.903,2.000,1.307
amacli,40,15,3.000,1.000,0.807,2.993,1.395
amacli,40,30,0.000,0.063,0.937,-0.001,1.081
amacli,40,30,1.000,0.897,0.883,1.035,1.117
amacli,40,30,2.000,1.000,0.927,2.001,1.181
amacli,40,30,3.000,1.000,0.853,3.021,1.287
amacli,40,50,0.000,0.047,0.953,0.016,1.080
amacli,40,50,1.000,0.947,0.933,0.970,1.028
amacli,40,50,2.000,1.000,0.893,2.007,1.097
amacli,40,50,3.000,1.000,0.877,2.979,1.222
rastgele,10,15,0.000,0.070,0.930,0.039,4.891
rastgele,10,15,1.000,0.170,0.933,0.940,5.005
rastgele,10,15,2.000,0.400,0.947,1.961,4.695
rastgele,10,15,3.000,0.683,0.913,2.911,4.720
rastgele,10,30,0.000,0.040,0.960,0.100,4.560
rastgele,10,30,1.000,0.183,0.943,1.009,4.451
rastgele,10,30,2.000,0.517,0.957,1.991,4.170
rastgele,10,30,3.000,0.667,0.913,3.019,4.857
rastgele,10,50,0.000,0.057,0.943,-0.075,4.176
rastgele,10,50,1.000,0.207,0.930,0.960,3.941
rastgele,10,50,2.000,0.553,0.947,2.038,4.105
rastgele,10,50,3.000,0.710,0.930,2.966,4.078
rastgele,16,15,0.000,0.060,0.940,0.072,3.242
rastgele,16,15,1.000,0.247,0.967,1.116,3.301
rastgele,16,15,2.000,0.650,0.927,2.624,3.168
rastgele,16,15,3.000,0.847,0.920,3.655,3.085
rastgele,16,30,0.000,0.073,0.927,0.066,2.881
rastgele,16,30,1.000,0.323,0.913,1.267,2.782
rastgele,16,30,2.000,0.673,0.953,2.558,3.028
rastgele,16,30,3.000,0.843,0.937,4.032,3.079
rastgele,16,50,0.000,0.067,0.933,0.250,2.725
rastgele,16,50,1.000,0.310,0.927,1.102,2.724
rastgele,16,50,2.000,0.713,0.937,2.486,2.974
rastgele,16,50,3.000,0.783,0.933,3.780,3.116
rastgele,20,15,0.000,0.073,0.927,-0.029,2.746
rastgele,20,15,1.000,0.313,0.937,1.250,2.637
rastgele,20,15,2.000,0.730,0.900,2.240,2.681
rastgele,20,15,3.000,0.843,0.917,3.758,2.995
rastgele,20,30,0.000,0.080,0.920,-0.076,2.407
rastgele,20,30,1.000,0.377,0.917,1.011,2.509
rastgele,20,30,2.000,0.717,0.947,2.405,2.724
rastgele,20,30,3.000,0.843,0.920,3.598,2.665
rastgele,20,50,0.000,0.060,0.940,-0.081,2.302
rastgele,20,50,1.000,0.380,0.920,1.196,2.402
rastgele,20,50,2.000,0.707,0.937,2.471,2.600
rastgele,20,50,3.000,0.880,0.927,3.640,2.367
rastgele,30,15,0.000,0.057,0.943,0.081,1.997
rastgele,30,15,1.000,0.493,0.927,1.049,2.130
rastgele,30,15,2.000,0.890,0.920,2.182,2.079
rastgele,30,15,3.000,0.917,0.930,3.252,2.197
rastgele,30,30,0.000,0.083,0.917,-0.083,1.749
rastgele,30,30,1.000,0.557,0.933,1.126,1.778
rastgele,30,30,2.000,0.893,0.923,2.144,1.890
rastgele,30,30,3.000,0.933,0.913,3.260,1.946
rastgele,30,50,0.000,0.097,0.903,-0.084,1.731
rastgele,30,50,1.000,0.567,0.923,1.141,1.712
rastgele,30,50,2.000,0.890,0.917,2.095,1.747
rastgele,30,50,3.000,0.940,0.907,3.296,1.767
rastgele,40,15,0.000,0.033,0.967,-0.030,1.757
rastgele,40,15,1.000,0.593,0.923,1.064,1.832
rastgele,40,15,2.000,0.893,0.927,2.070,1.879
rastgele,40,15,3.000,0.963,0.923,3.227,1.911
rastgele,40,30,0.000,0.063,0.937,0.001,1.612
rastgele,40,30,1.000,0.673,0.930,1.087,1.584
rastgele,40,30,2.000,0.930,0.940,2.101,1.644
rastgele,40,30,3.000,0.970,0.920,3.114,1.592
rastgele,40,50,0.000,0.043,0.957,-0.025,1.415
rastgele,40,50,1.000,0.680,0.940,1.065,1.497
rastgele,40,50,2.000,0.897,0.947,2.081,1.505
rastgele,40,50,3.000,0.957,0.907,3.173,1.565
