id,cinsiyet,esik,son_yas,bacak_bitis,govde_bitis,govde_sonra,kalan_govde_bacak_bitince,govde_son_yil,govde_sansurlu,dH16,dG16,dB16
201,erkek,0.300,18.500,18.000,18.000,False,0.200,0.500,False,2.900,1.300,1.600
201,erkek,0.500,18.500,18.000,17.500,False,0.200,0.500,False,2.900,1.300,1.600
201,erkek,1.000,18.500,17.000,16.500,False,0.800,0.500,False,2.900,1.300,1.600
202,erkek,0.300,18.000,14.500,18.000,True,5.200,1.400,True,2.300,2.500,-0.200
202,erkek,0.500,18.000,14.500,18.000,True,5.200,1.400,True,2.300,2.500,-0.200
202,erkek,1.000,18.000,14.500,17.500,True,5.200,1.400,True,2.300,2.500,-0.200
203,erkek,0.300,21.000,20.500,20.500,False,0.300,0.600,True,16.200,10.400,5.800
203,erkek,0.500,21.000,20.000,20.500,True,0.600,0.600,True,16.200,10.400,5.800
203,erkek,1.000,21.000,18.000,20.000,True,3.600,0.600,True,16.200,10.400,5.800
204,erkek,0.300,19.000,17.500,19.000,True,2.300,1.300,True,8.400,6.400,2.000
204,erkek,0.500,19.000,17.000,19.000,True,3.500,1.300,True,8.400,6.400,2.000
204,erkek,1.000,19.000,16.500,18.500,True,4.800,1.300,True,8.400,6.400,2.000
205,erkek,0.300,18.500,15.000,18.500,True,5.000,1.100,True,3.000,3.100,-0.100
205,erkek,0.500,18.500,15.000,18.500,True,5.000,1.100,True,3.000,3.100,-0.100
205,erkek,1.000,18.500,15.000,18.000,True,5.000,1.100,True,3.000,3.100,-0.100
206,erkek,0.300,18.500,16.500,18.000,True,1.100,0.400,False,2.200,1.700,0.500
206,erkek,0.500,18.500,16.000,17.500,True,1.700,0.400,False,2.200,1.700,0.500
206,erkek,1.000,18.500,15.500,17.000,True,2.800,0.400,False,2.200,1.700,0.500
207,erkek,0.300,18.500,15.500,16.500,True,2.100,0.000,False,0.900,1.400,-0.500
207,erkek,0.500,18.500,15.500,16.500,True,2.100,0.000,False,0.900,1.400,-0.500
207,erkek,1.000,18.500,15.000,16.500,True,3.100,0.000,False,0.900,1.400,-0.500
208,erkek,0.300,19.500,18.000,19.000,True,2.400,0.900,True,16.900,9.800,7.100
208,erkek,0.500,19.500,18.000,19.000,True,2.400,0.900,True,16.900,9.800,7.100
208,erkek,1.000,19.500,17.500,18.500,True,4.400,0.900,True,16.900,9.800,7.100
209,erkek,0.300,19.500,19.500,19.500,False,0.000,1.300,True,12.000,6.900,5.100
209,erkek,0.500,19.500,19.000,19.500,True,0.600,1.300,True,12.000,6.900,5.100
209,erkek,1.000,19.500,18.000,19.000,True,1.400,1.300,True,12.000,6.900,5.100
210,erkek,0.300,19.500,17.500,19.000,True,0.900,0.400,False,3.200,2.700,0.500
210,erkek,0.500,19.500,16.500,18.500,True,1.900,0.400,False,3.200,2.700,0.500
210,erkek,1.000,19.500,15.500,17.500,True,3.900,0.400,False,3.200,2.700,0.500
211,erkek,0.300,18.000,18.000,18.000,False,0.000,0.600,True,2.300,1.300,1.000
211,erkek,0.500,18.000,17.500,17.500,False,0.300,0.600,True,2.300,1.300,1.000
211,erkek,1.000,18.000,16.000,16.500,True,1.300,0.600,True,2.300,1.300,1.000
212,erkek,0.300,18.500,16.500,18.500,True,2.500,1.300,True,3.900,3.500,0.400
212,erkek,0.500,18.500,16.000,18.500,True,3.500,1.300,True,3.900,3.500,0.400
212,erkek,1.000,18.500,16.000,18.000,True,3.500,1.300,True,3.900,3.500,0.400
213,erkek,0.300,18.500,16.000,18.000,True,2.500,0.400,False,2.300,2.500,-0.200
213,erkek,0.500,18.500,15.500,17.500,True,2.900,0.400,False,2.300,2.500,-0.200
213,erkek,1.000,18.500,15.000,17.000,True,3.800,0.400,False,2.300,2.500,-0.200
214,erkek,0.300,19.000,18.000,18.500,True,0.700,0.700,True,8.500,6.000,2.500
214,erkek,0.500,19.000,17.500,18.500,True,1.700,0.700,True,8.500,6.000,2.500
214,erkek,1.000,19.000,17.000,18.000,True,2.900,0.700,True,8.500,6.000,2.500
215,erkek,0.300,19.500,13.000,16.500,True,5.600,0.000,False,0.700,0.700,-0.000
215,erkek,0.500,19.500,13.000,16.500,True,5.600,0.000,False,0.700,0.700,-0.000
215,erkek,1.000,19.500,13.000,16.000,True,5.600,0.000,False,0.700,0.700,-0.000
216,erkek,0.300,18.000,15.000,18.000,True,4.300,0.900,True,1.900,2.000,-0.100
216,erkek,0.500,18.000,15.000,17.500,True,4.300,0.900,True,1.900,2.000,-0.100
216,erkek,1.000,18.000,14.500,17.000,True,5.500,0.900,True,1.900,2.000,-0.100
217,erkek,0.300,19.000,19.000,19.000,False,0.000,1.400,True,6.900,4.800,2.100
217,erkek,0.500,19.000,18.500,19.000,True,0.700,1.400,True,6.900,4.800,2.100
217,erkek,1.000,19.000,17.500,18.500,True,2.200,1.400,True,6.900,4.800,2.100
218,erkek,0.300,20.000,16.500,20.000,True,4.400,1.500,True,6.300,5.800,0.500
218,erkek,0.500,20.000,16.500,20.000,True,4.400,1.500,True,6.300,5.800,0.500
218,erkek,1.000,20.000,16.000,19.500,True,5.800,1.500,True,6.300,5.800,0.500
219,erkek,0.300,19.500,18.500,19.000,True,0.800,0.800,True,5.900,4.600,1.300
219,erkek,0.500,19.500,17.000,19.000,True,2.500,0.800,True,5.900,4.600,1.300
219,erkek,1.000,19.500,16.500,18.500,True,3.000,0.800,True,5.900,4.600,1.300
220,erkek,0.300,18.000,15.000,17.500,True,3.100,0.500,False,0.800,1.200,-0.400
220,erkek,0.500,18.000,15.000,17.000,True,3.100,0.500,False,0.800,1.200,-0.400
220,erkek,1.000,18.000,14.500,16.500,True,4.900,0.500,False,0.800,1.200,-0.400
221,erkek,0.300,18.000,14.500,18.000,True,4.200,1.100,True,1.300,1.600,-0.300
221,erkek,0.500,18.000,14.500,18.000,True,4.200,1.100,True,1.300,1.600,-0.300
221,erkek,1.000,18.000,14.000,17.500,True,5.800,1.100,True,1.300,1.600,-0.300
222,erkek,0.300,18.000,16.500,18.000,True,2.000,0.800,True,3.800,3.100,0.700
222,erkek,0.500,18.000,16.500,18.000,True,2.000,0.800,True,3.800,3.100,0.700
222,erkek,1.000,18.000,16.000,17.000,True,3.100,0.800,True,3.800,3.100,0.700
223,erkek,0.300,19.000,17.000,19.000,True,3.000,1.300,True,7.600,6.300,1.300
223,erkek,0.500,19.000,17.000,19.000,True,3.000,1.300,True,7.600,6.300,1.300
223,erkek,1.000,19.000,16.500,18.500,True,4.300,1.300,True,7.600,6.300,1.300
224,erkek,0.300,19.000,16.500,18.500,True,1.800,0.300,False,3.300,2.900,0.400
224,erkek,0.500,19.000,16.000,18.000,True,2.900,0.300,False,3.300,2.900,0.400
224,erkek,1.000,19.000,15.500,17.500,True,4.000,0.300,False,3.300,2.900,0.400
225,erkek,0.300,19.000,17.000,19.000,True,1.800,1.900,True,4.200,3.700,0.500
225,erkek,0.500,19.000,16.500,18.500,True,2.500,1.900,True,4.200,3.700,0.500
225,erkek,1.000,19.000,16.000,18.500,True,3.700,1.900,True,4.200,3.700,0.500
226,erkek,0.300,18.000,15.000,18.000,True,5.100,1.400,True,2.100,2.400,-0.300
226,erkek,0.500,18.000,14.500,17.500,True,5.900,1.400,True,2.100,2.400,-0.300
226,erkek,1.000,18.000,14.500,17.500,True,5.900,1.400,True,2.100,2.400,-0.300
227,erkek,0.300,19.500,16.500,19.000,True,3.000,0.600,True,5.100,4.300,0.800
227,erkek,0.500,19.500,16.500,19.000,True,3.000,0.600,True,5.100,4.300,0.800
227,erkek,1.000,19.500,16.000,18.500,True,4.300,0.600,True,5.100,4.300,0.800
228,erkek,0.300,20.000,20.000,16.000,False,0.000,0.000,False,1.600,0.100,1.500
228,erkek,0.500,20.000,19.500,16.000,False,0.000,0.000,False,1.600,0.100,1.500
228,erkek,1.000,20.000,15.000,15.500,True,1.500,0.000,False,1.600,0.100,1.500
229,erkek,0.300,18.000,14.500,18.000,True,5.200,0.800,True,1.500,1.700,-0.200
229,erkek,0.500,18.000,14.500,17.500,True,5.200,0.800,True,1.500,1.700,-0.200
229,erkek,1.000,18.000,14.500,17.000,True,5.200,0.800,True,1.500,1.700,-0.200
230,erkek,0.300,18.000,15.500,17.500,True,3.100,0.500,False,2.000,1.900,0.100
230,erkek,0.500,18.000,15.000,17.000,True,4.200,0.500,False,2.000,1.900,0.100
230,erkek,1.000,18.000,15.000,16.500,True,4.200,0.500,False,2.000,1.900,0.100
231,erkek,0.300,20.000,15.000,15.500,True,0.600,0.000,False,-0.200,-0.200,-0.000
231,erkek,0.500,20.000,15.000,15.500,True,0.600,0.000,False,-0.200,-0.200,-0.000
231,erkek,1.000,20.000,14.500,14.500,False,0.700,0.000,False,-0.200,-0.200,-0.000
232,erkek,0.300,18.000,15.500,17.500,True,3.300,0.500,False,2.000,1.900,0.100
232,erkek,0.500,18.000,15.000,17.000,True,4.100,0.500,False,2.000,1.900,0.100
232,erkek,1.000,18.000,15.000,16.500,True,4.100,0.500,False,2.000,1.900,0.100
233,erkek,0.300,19.500,16.500,19.000,True,2.300,0.700,True,3.400,2.800,0.600
233,erkek,0.500,19.500,16.500,19.000,True,2.300,0.700,True,3.400,2.800,0.600
233,erkek,1.000,19.500,15.500,18.000,True,4.300,0.700,True,3.400,2.800,0.600
234,erkek,0.300,19.500,16.000,19.500,True,3.500,0.600,True,3.700,3.500,0.200
234,erkek,0.500,19.500,16.000,19.000,True,3.500,0.600,True,3.700,3.500,0.200
234,erkek,1.000,19.500,15.500,18.000,True,5.000,0.600,True,3.700,3.500,0.200
235,erkek,0.300,20.000,15.500,19.500,True,5.900,0.700,True,4.100,4.400,-0.300
235,erkek,0.500,20.000,15.500,19.500,True,5.900,0.700,True,4.100,4.400,-0.300
235,erkek,1.000,20.000,15.500,19.000,True,5.900,0.700,True,4.100,4.400,-0.300
236,erkek,0.300,18.000,15.000,17.500,True,2.900,0.500,False,1.300,1.000,0.300
236,erkek,0.500,18.000,15.000,16.500,True,2.900,0.500,False,1.300,1.000,0.300
236,erkek,1.000,18.000,14.500,16.000,True,4.100,0.500,False,1.300,1.000,0.300
237,erkek,0.300,19.500,14.000,18.000,True,5.600,0.100,False,1.500,1.500,0.000
237,erkek,0.500,19.500,14.000,17.500,True,5.600,0.100,False,1.500,1.500,0.000
237,erkek,1.000,19.500,13.500,16.500,True,7.700,0.100,False,1.500,1.500,0.000
238,erkek,0.300,19.500,16.500,19.500,True,5.700,1.300,True,8.500,7.600,0.900
238,erkek,0.500,19.500,16.500,19.500,True,5.700,1.300,True,8.500,7.600,0.900
238,erkek,1.000,19.500,16.000,19.000,True,7.600,1.300,True,8.500,7.600,0.900
251,erkek,0.300,19.000,18.000,19.000,True,1.100,1.100,True,7.200,5.000,2.200
251,erkek,0.500,19.000,18.000,18.500,True,1.100,1.100,True,7.200,5.000,2.200
251,erkek,1.000,19.000,17.500,18.500,True,1.500,1.100,True,7.200,5.000,2.200
252,erkek,0.300,18.000,16.500,17.500,True,0.900,0.500,False,2.100,1.600,0.500
252,erkek,0.500,18.000,15.500,17.000,True,2.900,0.500,False,2.100,1.600,0.500
252,erkek,1.000,18.000,15.000,16.500,True,4.300,0.500,False,2.100,1.600,0.500
253,erkek,0.300,19.000,19.000,19.000,False,0.000,0.800,True,6.700,4.400,2.300
253,erkek,0.500,19.000,19.000,18.500,False,0.000,0.800,True,6.700,4.400,2.300
253,erkek,1.000,19.000,18.500,18.000,False,0.400,0.800,True,6.700,4.400,2.300
254,erkek,0.300,18.000,15.000,18.000,True,2.900,0.600,True,1.300,1.100,0.200
254,erkek,0.500,18.000,15.000,17.500,True,2.900,0.600,True,1.300,1.100,0.200
254,erkek,1.000,18.000,14.500,16.500,True,4.300,0.600,True,1.300,1.100,0.200
255,erkek,0.300,18.000,16.000,18.000,True,2.700,1.400,True,3.000,2.700,0.300
255,erkek,0.500,18.000,16.000,18.000,True,2.700,1.400,True,3.000,2.700,0.300
255,erkek,1.000,18.000,15.500,17.500,True,4.000,1.400,True,3.000,2.700,0.300
256,erkek,0.300,20.000,16.000,19.500,True,5.100,0.500,False,5.100,5.100,0.000
256,erkek,0.500,20.000,16.000,19.000,True,5.100,0.500,False,5.100,5.100,0.000
256,erkek,1.000,20.000,16.000,18.500,True,5.100,0.500,False,5.100,5.100,0.000
257,erkek,0.300,20.000,16.500,19.500,True,4.800,0.500,False,6.700,6.300,0.400
257,erkek,0.500,20.000,16.000,19.000,True,6.300,0.500,False,6.700,6.300,0.400
257,erkek,1.000,20.000,16.000,18.000,True,6.300,0.500,False,6.700,6.300,0.400
258,erkek,0.300,19.000,17.000,19.000,True,3.600,1.700,True,9.400,6.900,2.500
258,erkek,0.500,19.000,17.000,19.000,True,3.600,1.700,True,9.400,6.900,2.500
258,erkek,1.000,19.000,17.000,18.500,True,3.600,1.700,True,9.400,6.900,2.500
259,erkek,0.300,18.000,17.500,17.000,False,0.100,0.200,False,2.500,1.700,0.800
259,erkek,0.500,18.000,17.500,16.500,False,0.100,0.200,False,2.500,1.700,0.800
259,erkek,1.000,18.000,16.000,16.500,True,1.700,0.200,False,2.500,1.700,0.800
260,erkek,0.300,18.000,17.500,17.000,False,-0.100,0.300,False,2.000,1.600,0.400
260,erkek,0.500,18.000,16.000,17.000,True,1.600,0.300,False,2.000,1.600,0.400
260,erkek,1.000,18.000,15.500,16.500,True,3.600,0.300,False,2.000,1.600,0.400
261,erkek,0.300,18.000,15.000,17.500,True,3.600,0.600,True,1.300,1.700,-0.400
261,erkek,0.500,18.000,15.000,17.500,True,3.600,0.600,True,1.300,1.700,-0.400
261,erkek,1.000,18.000,14.500,17.000,True,4.700,0.600,True,1.300,1.700,-0.400
262,erkek,0.300,19.500,16.000,19.000,True,4.300,0.500,False,4.600,4.300,0.300
262,erkek,0.500,19.500,16.000,18.500,True,4.300,0.500,False,4.600,4.300,0.300
262,erkek,1.000,19.500,15.500,18.000,True,6.100,0.500,False,4.600,4.300,0.300
263,erkek,0.300,18.000,15.500,18.000,True,1.600,0.500,False,0.900,1.000,-0.100
263,erkek,0.500,18.000,14.500,17.000,True,3.300,0.500,False,0.900,1.000,-0.100
263,erkek,1.000,18.000,14.000,16.000,True,4.800,0.500,False,0.900,1.000,-0.100
264,erkek,0.300,20.000,16.000,19.500,True,3.200,0.600,True,2.800,3.200,-0.400
264,erkek,0.500,20.000,15.500,19.500,True,4.200,0.600,True,2.800,3.200,-0.400
264,erkek,1.000,20.000,15.500,18.500,True,4.200,0.600,True,2.800,3.200,-0.400
265,erkek,0.300,18.000,13.500,18.000,True,6.100,0.800,True,0.800,1.600,-0.800
265,erkek,0.500,18.000,13.500,17.500,True,6.100,0.800,True,0.800,1.600,-0.800
265,erkek,1.000,18.000,13.000,17.000,True,7.800,0.800,True,0.800,1.600,-0.800
266,erkek,0.300,18.000,16.000,18.000,True,2.700,1.000,True,2.300,2.700,-0.400
266,erkek,0.500,18.000,15.500,17.500,True,4.000,1.000,True,2.300,2.700,-0.400
266,erkek,1.000,18.000,15.500,17.000,True,4.000,1.000,True,2.300,2.700,-0.400
267,erkek,0.300,19.000,14.500,17.500,True,6.800,0.000,False,2.200,1.900,0.300
267,erkek,0.500,19.000,14.500,17.500,True,6.800,0.000,False,2.200,1.900,0.300
267,erkek,1.000,19.000,14.000,17.000,True,9.000,0.000,False,2.200,1.900,0.300
268,erkek,0.300,18.000,16.000,17.500,True,3.400,0.400,False,3.600,3.400,0.200
268,erkek,0.500,18.000,16.000,17.000,True,3.400,0.400,False,3.600,3.400,0.200
268,erkek,1.000,18.000,15.500,17.000,True,5.200,0.400,False,3.600,3.400,0.200
269,erkek,0.300,19.000,17.000,18.500,True,2.000,0.400,False,5.000,3.800,1.200
269,erkek,0.500,19.000,17.000,18.000,True,2.000,0.400,False,5.000,3.800,1.200
269,erkek,1.000,19.000,16.500,18.000,True,2.800,0.400,False,5.000,3.800,1.200
270,erkek,0.300,18.000,14.500,18.000,True,4.300,0.600,True,0.700,1.100,-0.400
270,erkek,0.500,18.000,14.500,17.500,True,4.300,0.600,True,0.700,1.100,-0.400
270,erkek,1.000,18.000,14.500,16.500,True,4.300,0.600,True,0.700,1.100,-0.400
271,erkek,0.300,18.000,15.000,16.500,True,1.800,0.400,False,0.600,0.300,0.300
271,erkek,0.500,18.000,15.000,16.000,True,1.800,0.400,False,0.600,0.300,0.300
271,erkek,1.000,18.000,14.500,15.500,True,2.600,0.400,False,0.600,0.300,0.300
272,erkek,0.300,18.000,15.000,18.000,True,4.800,1.300,True,1.800,1.900,-0.100
272,erkek,0.500,18.000,15.000,18.000,True,4.800,1.300,True,1.800,1.900,-0.100
272,erkek,1.000,18.000,15.000,17.500,True,4.800,1.300,True,1.800,1.900,-0.100
273,erkek,0.300,19.500,15.000,19.500,True,4.900,0.700,True,2.400,2.800,-0.400
273,erkek,0.500,19.500,14.500,19.000,True,6.600,0.700,True,2.400,2.800,-0.400
273,erkek,1.000,19.500,14.500,18.000,True,6.600,0.700,True,2.400,2.800,-0.400
274,erkek,0.300,18.000,16.500,17.000,True,1.400,0.200,False,3.100,2.700,0.400
274,erkek,0.500,18.000,16.000,17.000,True,2.700,0.200,False,3.100,2.700,0.400
274,erkek,1.000,18.000,15.500,17.000,True,2.900,0.200,False,3.100,2.700,0.400
275,erkek,0.300,20.500,14.000,19.000,True,6.200,0.200,False,2.000,2.300,-0.300
275,erkek,0.500,20.500,14.000,18.000,True,6.200,0.200,False,2.000,2.300,-0.300
275,erkek,1.000,20.500,14.000,17.500,True,6.200,0.200,False,2.000,2.300,-0.300
276,erkek,0.300,18.000,14.500,18.000,True,3.400,0.600,True,1.500,1.400,0.100
276,erkek,0.500,18.000,14.000,17.500,True,4.600,0.600,True,1.500,1.400,0.100
276,erkek,1.000,18.000,13.500,16.500,True,6.600,0.600,True,1.500,1.400,0.100
277,erkek,0.300,18.000,14.000,18.000,True,3.900,0.500,False,1.000,1.100,-0.100
277,erkek,0.500,18.000,14.000,17.000,True,3.900,0.500,False,1.000,1.100,-0.100
277,erkek,1.000,18.000,13.500,16.500,True,5.600,0.500,False,1.000,1.100,-0.100
278,erkek,0.300,18.000,15.000,18.000,True,5.200,0.600,True,1.700,2.200,-0.500
278,erkek,0.500,18.000,15.000,17.500,True,5.200,0.600,True,1.700,2.200,-0.500
278,erkek,1.000,18.000,15.000,17.000,True,5.200,0.600,True,1.700,2.200,-0.500
301,kiz,0.300,18.000,14.000,17.500,True,1.000,0.400,False,0.300,0.600,-0.300
301,kiz,0.500,18.000,12.500,16.500,True,3.600,0.400,False,0.300,0.600,-0.300
301,kiz,1.000,18.000,12.000,14.000,True,5.200,0.400,False,0.300,0.600,-0.300
302,kiz,0.300,18.000,15.000,17.500,True,1.000,0.400,False,0.400,0.900,-0.500
302,kiz,0.500,18.000,15.000,17.000,True,1.000,0.400,False,0.400,0.900,-0.500
302,kiz,1.000,18.000,13.500,15.000,True,3.600,0.400,False,0.400,0.900,-0.500
303,kiz,0.300,18.000,11.500,14.500,True,3.700,0.100,False,0.300,-0.400,0.700
303,kiz,0.500,18.000,11.500,14.500,True,3.700,0.100,False,0.300,-0.400,0.700
303,kiz,1.000,18.000,11.500,14.000,True,3.700,0.100,False,0.300,-0.400,0.700
304,kiz,0.300,18.000,16.000,16.500,True,0.400,0.300,False,0.600,0.400,0.200
304,kiz,0.500,18.000,15.500,15.000,False,0.600,0.300,False,0.600,0.400,0.200
304,kiz,1.000,18.000,15.000,14.500,False,0.500,0.300,False,0.600,0.400,0.200
305,kiz,0.300,18.000,14.500,17.000,True,3.400,0.300,False,1.500,1.300,0.200
305,kiz,0.500,18.000,14.500,17.000,True,3.400,0.300,False,1.500,1.300,0.200
305,kiz,1.000,18.000,14.000,16.500,True,4.200,0.300,False,1.500,1.300,0.200
306,kiz,0.300,18.000,15.000,16.000,True,0.900,0.000,False,0.700,0.300,0.400
306,kiz,0.500,18.000,14.500,16.000,True,1.300,0.000,False,0.700,0.300,0.400
306,kiz,1.000,18.000,14.000,15.000,True,1.900,0.000,False,0.700,0.300,0.400
307,kiz,0.300,18.000,15.500,18.000,True,1.300,1.800,True,1.200,1.000,0.200
307,kiz,0.500,18.000,15.500,18.000,True,1.300,1.800,True,1.200,1.000,0.200
307,kiz,1.000,18.000,15.000,16.000,True,1.200,1.800,True,1.200,1.000,0.200
308,kiz,0.300,18.000,16.500,17.500,True,1.300,0.600,True,2.400,1.900,0.500
308,kiz,0.500,18.000,16.000,17.500,True,1.900,0.600,True,2.400,1.900,0.500
308,kiz,1.000,18.000,15.500,17.000,True,2.900,0.600,True,2.400,1.900,0.500
309,kiz,0.300,18.000,13.500,17.000,True,3.500,0.200,False,0.700,0.600,0.100
309,kiz,0.500,18.000,13.500,16.500,True,3.500,0.200,False,0.700,0.600,0.100
309,kiz,1.000,18.000,13.500,15.500,True,3.500,0.200,False,0.700,0.600,0.100
310,kiz,0.300,18.000,18.000,16.500,False,0.000,-0.100,False,0.900,0.300,0.600
310,kiz,0.500,18.000,16.500,15.000,False,0.100,-0.100,False,0.900,0.300,0.600
310,kiz,1.000,18.000,15.500,14.500,False,0.300,-0.100,False,0.900,0.300,0.600
311,kiz,0.300,18.000,15.500,14.500,False,-0.100,-0.300,False,-0.200,-0.100,-0.100
311,kiz,0.500,18.000,15.000,14.000,False,-0.100,-0.300,False,-0.200,-0.100,-0.100
311,kiz,1.000,18.000,13.500,14.000,True,1.200,-0.300,False,-0.200,-0.100,-0.100
312,kiz,0.300,18.000,13.500,14.500,True,1.200,-0.900,False,-0.600,-1.200,0.600
312,kiz,0.500,18.000,13.500,14.000,True,1.200,-0.900,False,-0.600,-1.200,0.600
312,kiz,1.000,18.000,12.500,14.000,True,3.300,-0.900,False,-0.600,-1.200,0.600
313,kiz,0.300,18.000,16.000,17.000,True,0.600,0.200,False,0.900,0.600,0.300
313,kiz,0.500,18.000,14.500,16.500,True,1.500,0.200,False,0.900,0.600,0.300
313,kiz,1.000,18.000,12.500,15.000,True,5.500,0.200,False,0.900,0.600,0.300
314,kiz,0.300,18.000,14.500,15.000,True,0.700,0.100,False,-0.300,0.200,-0.500
314,kiz,0.500,18.000,12.500,15.000,True,6.000,0.100,False,-0.300,0.200,-0.500
314,kiz,1.000,18.000,12.500,14.500,True,6.000,0.100,False,-0.300,0.200,-0.500
315,kiz,0.300,18.000,16.000,17.500,True,1.400,0.700,True,1.100,1.400,-0.300
315,kiz,0.500,18.000,16.000,17.500,True,1.400,0.700,True,1.100,1.400,-0.300
315,kiz,1.000,18.000,15.500,17.000,True,1.500,0.700,True,1.100,1.400,-0.300
316,kiz,0.300,18.000,17.500,13.500,False,-0.100,-0.400,False,0.000,-0.900,0.900
316,kiz,0.500,18.000,17.500,13.000,False,-0.100,-0.400,False,0.000,-0.900,0.900
316,kiz,1.000,18.000,16.000,13.000,False,-0.900,-0.400,False,0.000,-0.900,0.900
317,kiz,0.300,19.000,14.000,17.000,True,2.800,0.400,False,0.500,0.800,-0.300
317,kiz,0.500,19.000,13.500,17.000,True,3.800,0.400,False,0.500,0.800,-0.300
317,kiz,1.000,19.000,13.500,15.500,True,3.800,0.400,False,0.500,0.800,-0.300
318,kiz,0.300,19.000,16.500,18.500,True,1.400,0.300,False,2.000,1.600,0.400
318,kiz,0.500,19.000,16.000,18.000,True,1.600,0.300,False,2.000,1.600,0.400
318,kiz,1.000,19.000,15.000,17.000,True,3.300,0.300,False,2.000,1.600,0.400
319,kiz,0.300,18.000,15.000,18.000,True,2.700,1.500,True,1.100,1.700,-0.600
319,kiz,0.500,18.000,15.000,18.000,True,2.700,1.500,True,1.100,1.700,-0.600
319,kiz,1.000,18.000,14.500,18.000,True,3.100,1.500,True,1.100,1.700,-0.600
320,kiz,0.300,18.000,14.000,18.000,True,2.000,0.700,True,0.700,0.600,0.100
320,kiz,0.500,18.000,14.000,18.000,True,2.000,0.700,True,0.700,0.600,0.100
320,kiz,1.000,18.000,12.500,15.500,True,5.100,0.700,True,0.700,0.600,0.100
321,kiz,0.300,18.000,17.000,16.500,False,0.200,0.200,False,1.100,0.400,0.700
321,kiz,0.500,18.000,16.500,16.000,False,0.000,0.200,False,1.100,0.400,0.700
321,kiz,1.000,18.000,15.500,15.500,False,1.000,0.200,False,1.100,0.400,0.700
322,kiz,0.300,18.500,18.500,17.500,False,0.000,-0.300,False,2.600,1.500,1.100
322,kiz,0.500,18.500,17.000,17.000,False,0.500,-0.300,False,2.600,1.500,1.100
322,kiz,1.000,18.500,16.500,16.500,False,1.000,-0.300,False,2.600,1.500,1.100
323,kiz,0.300,18.000,11.500,14.000,True,5.300,-0.100,False,0.000,-0.300,0.300
323,kiz,0.500,18.000,11.500,13.500,True,5.300,-0.100,False,0.000,-0.300,0.300
323,kiz,1.000,18.000,11.500,13.500,True,5.300,-0.100,False,0.000,-0.300,0.300
324,kiz,0.300,18.000,16.000,15.000,False,0.200,0.000,False,0.500,0.200,0.300
324,kiz,0.500,18.000,16.000,14.500,False,0.200,0.000,False,0.500,0.200,0.300
324,kiz,1.000,18.000,12.500,14.000,True,3.200,0.000,False,0.500,0.200,0.300
325,kiz,0.300,20.000,14.000,16.500,True,2.700,0.000,False,0.100,0.500,-0.400
325,kiz,0.500,20.000,13.500,16.000,True,4.100,0.000,False,0.100,0.500,-0.400
325,kiz,1.000,20.000,13.500,15.500,True,4.100,0.000,False,0.100,0.500,-0.400
326,kiz,0.300,18.000,12.000,15.000,True,5.700,0.400,False,0.200,-0.100,0.300
326,kiz,0.500,18.000,12.000,14.500,True,5.700,0.400,False,0.200,-0.100,0.300
326,kiz,1.000,18.000,12.000,14.000,True,5.700,0.400,False,0.200,-0.100,0.300
327,kiz,0.300,18.500,15.500,17.000,True,1.000,0.200,False,0.500,0.700,-0.200
327,kiz,0.500,18.500,15.000,16.500,True,1.400,0.200,False,0.500,0.700,-0.200
327,kiz,1.000,18.500,14.000,15.500,True,2.500,0.200,False,0.500,0.700,-0.200
328,kiz,0.300,18.000,12.500,16.000,True,5.400,0.200,False,-0.300,0.000,-0.300
328,kiz,0.500,18.000,12.500,15.500,True,5.400,0.200,False,-0.300,0.000,-0.300
328,kiz,1.000,18.000,12.500,15.500,True,5.400,0.200,False,-0.300,0.000,-0.300
329,kiz,0.300,19.000,17.000,17.500,True,0.600,0.400,False,2.000,1.000,1.000
329,kiz,0.500,19.000,16.500,17.500,True,0.900,0.400,False,2.000,1.000,1.000
329,kiz,1.000,19.000,16.000,16.000,False,1.000,0.400,False,2.000,1.000,1.000
330,kiz,0.300,18.000,15.000,15.500,True,0.600,-0.200,False,0.700,0.000,0.700
330,kiz,0.500,18.000,13.500,15.500,True,2.200,-0.200,False,0.700,0.000,0.700
330,kiz,1.000,18.000,12.500,14.500,True,3.800,-0.200,False,0.700,0.000,0.700
331,kiz,0.300,18.000,17.500,15.500,False,-0.100,-0.200,False,1.600,-0.500,2.100
331,kiz,0.500,18.000,17.500,15.000,False,-0.100,-0.200,False,1.600,-0.500,2.100
331,kiz,1.000,18.000,17.000,15.000,False,-0.200,-0.200,False,1.600,-0.500,2.100
332,kiz,0.300,18.000,13.000,18.000,True,7.400,1.500,True,2.300,2.400,-0.100
332,kiz,0.500,18.000,13.000,18.000,True,7.400,1.500,True,2.300,2.400,-0.100
332,kiz,1.000,18.000,12.500,17.500,True,8.800,1.500,True,2.300,2.400,-0.100
333,kiz,0.300,18.000,13.000,14.500,True,3.300,-0.100,False,0.300,-0.800,1.100
333,kiz,0.500,18.000,13.000,14.500,True,3.300,-0.100,False,0.300,-0.800,1.100
333,kiz,1.000,18.000,12.500,14.000,True,4.900,-0.100,False,0.300,-0.800,1.100
334,kiz,0.300,18.000,16.000,15.000,False,0.500,1.000,True,0.700,0.500,0.200
334,kiz,0.500,18.000,16.000,15.000,False,0.500,1.000,True,0.700,0.500,0.200
334,kiz,1.000,18.000,13.000,14.500,True,4.300,1.000,True,0.700,0.500,0.200
335,kiz,0.300,18.000,13.500,15.500,True,2.300,0.000,False,0.300,0.000,0.300
335,kiz,0.500,18.000,13.500,15.500,True,2.300,0.000,False,0.300,0.000,0.300
335,kiz,1.000,18.000,13.000,14.500,True,3.500,0.000,False,0.300,0.000,0.300
351,kiz,0.300,18.000,15.000,18.000,True,2.300,0.800,True,0.700,1.500,-0.800
351,kiz,0.500,18.000,15.000,17.500,True,2.300,0.800,True,0.700,1.500,-0.800
351,kiz,1.000,18.000,14.500,17.000,True,3.300,0.800,True,0.700,1.500,-0.800
352,kiz,0.300,18.000,18.000,17.500,False,0.000,0.400,False,1.300,0.500,0.800
352,kiz,0.500,18.000,17.000,16.000,False,0.400,0.400,False,1.300,0.500,0.800
352,kiz,1.000,18.000,16.000,15.000,False,0.500,0.400,False,1.300,0.500,0.800
353,kiz,0.300,18.000,16.000,17.500,True,0.800,0.400,False,0.800,0.800,-0.000
353,kiz,0.500,18.000,15.500,17.000,True,0.800,0.400,False,0.800,0.800,-0.000
353,kiz,1.000,18.000,13.000,15.000,True,4.500,0.400,False,0.800,0.800,-0.000
354,kiz,0.300,18.000,16.500,15.000,False,-0.100,-0.200,False,0.400,0.000,0.400
354,kiz,0.500,18.000,16.000,15.000,False,0.000,-0.200,False,0.400,0.000,0.400
354,kiz,1.000,18.000,15.500,14.500,False,0.000,-0.200,False,0.400,0.000,0.400
355,kiz,0.300,18.000,16.500,17.500,True,0.700,0.400,False,1.400,1.100,0.300
355,kiz,0.500,18.000,16.000,17.000,True,1.100,0.400,False,1.400,1.100,0.300
355,kiz,1.000,18.000,15.500,16.500,True,1.300,0.400,False,1.400,1.100,0.300
356,kiz,0.300,18.000,16.000,16.500,True,0.600,0.100,False,0.600,0.600,-0.000
356,kiz,0.500,18.000,15.500,16.500,True,0.800,0.100,False,0.600,0.600,-0.000
356,kiz,1.000,18.000,14.000,15.500,True,3.300,0.100,False,0.600,0.600,-0.000
357,kiz,0.300,18.000,17.500,16.000,False,-0.200,-0.200,False,1.000,0.200,0.800
357,kiz,0.500,18.000,15.000,16.000,True,1.500,-0.200,False,1.000,0.200,0.800
357,kiz,1.000,18.000,14.500,15.500,True,2.100,-0.200,False,1.000,0.200,0.800
358,kiz,0.300,18.000,12.000,14.000,True,3.200,0.300,False,0.600,0.300,0.300
358,kiz,0.500,18.000,11.500,14.000,True,5.400,0.300,False,0.600,0.300,0.300
358,kiz,1.000,18.000,11.500,13.500,True,5.400,0.300,False,0.600,0.300,0.300
359,kiz,0.300,18.000,16.000,18.000,True,1.500,0.900,True,1.700,1.500,0.200
359,kiz,0.500,18.000,15.500,18.000,True,1.900,0.900,True,1.700,1.500,0.200
359,kiz,1.000,18.000,15.000,17.000,True,2.300,0.900,True,1.700,1.500,0.200
360,kiz,0.300,18.000,15.000,17.500,True,1.600,0.500,False,0.600,1.000,-0.400
360,kiz,0.500,18.000,14.000,17.000,True,2.500,0.500,False,0.600,1.000,-0.400
360,kiz,1.000,18.000,13.500,16.000,True,3.200,0.500,False,0.600,1.000,-0.400
361,kiz,0.300,18.000,13.500,18.000,True,4.100,1.000,True,0.900,1.300,-0.400
361,kiz,0.500,18.000,13.000,17.500,True,5.100,1.000,True,0.900,1.300,-0.400
361,kiz,1.000,18.000,13.000,17.000,True,5.100,1.000,True,0.900,1.300,-0.400
362,kiz,0.300,18.000,17.500,13.500,False,-0.200,-0.400,False,0.100,-0.600,0.700
362,kiz,0.500,18.000,17.000,13.500,False,-0.400,-0.400,False,0.100,-0.600,0.700
362,kiz,1.000,18.000,16.000,13.500,False,-0.600,-0.400,False,0.100,-0.600,0.700
363,kiz,0.300,18.000,14.500,17.500,True,2.300,0.700,True,1.200,1.000,0.200
363,kiz,0.500,18.000,14.500,17.500,True,2.300,0.700,True,1.200,1.000,0.200
363,kiz,1.000,18.000,14.000,16.000,True,3.300,0.700,True,1.200,1.000,0.200
364,kiz,0.300,18.000,14.500,18.000,True,3.800,1.100,True,1.200,1.600,-0.400
364,kiz,0.500,18.000,14.500,18.000,True,3.800,1.100,True,1.200,1.600,-0.400
364,kiz,1.000,18.000,14.000,17.500,True,5.200,1.100,True,1.200,1.600,-0.400
365,kiz,0.300,18.000,14.500,15.500,True,1.300,-0.100,False,0.800,-0.100,0.900
365,kiz,0.500,18.000,14.500,15.500,True,1.300,-0.100,False,0.800,-0.100,0.900
365,kiz,1.000,18.000,14.000,15.000,True,1.600,-0.100,False,0.800,-0.100,0.900
366,kiz,0.300,18.000,14.500,15.500,True,1.200,0.000,False,0.400,-0.200,0.600
366,kiz,0.500,18.000,14.000,15.500,True,1.700,0.000,False,0.400,-0.200,0.600
366,kiz,1.000,18.000,13.000,15.000,True,4.100,0.000,False,0.400,-0.200,0.600
367,kiz,0.300,18.000,15.500,15.500,False,0.300,-0.300,False,0.400,-0.100,0.500
367,kiz,0.500,18.000,13.500,15.500,True,2.100,-0.300,False,0.400,-0.100,0.500
367,kiz,1.000,18.000,13.000,14.500,True,3.100,-0.300,False,0.400,-0.100,0.500
368,kiz,0.300,18.000,12.000,17.000,True,4.300,0.100,False,0.700,0.400,0.300
368,kiz,0.500,18.000,12.000,14.500,True,4.300,0.100,False,0.700,0.400,0.300
368,kiz,1.000,18.000,11.500,14.000,True,5.500,0.100,False,0.700,0.400,0.300
369,kiz,0.300,18.000,15.500,18.000,True,0.800,0.600,True,0.400,0.600,-0.200
369,kiz,0.500,18.000,14.000,17.500,True,2.100,0.600,True,0.400,0.600,-0.200
369,kiz,1.000,18.000,14.000,15.500,True,2.100,0.600,True,0.400,0.600,-0.200
370,kiz,0.300,18.000,17.000,15.000,False,0.200,0.200,False,0.900,0.000,0.900
370,kiz,0.500,18.000,16.500,14.500,False,0.100,0.200,False,0.900,0.000,0.900
370,kiz,1.000,18.000,16.000,14.500,False,0.000,0.200,False,0.900,0.000,0.900
371,kiz,0.300,18.000,13.000,18.000,True,4.100,0.800,True,0.400,1.000,-0.600
371,kiz,0.500,18.000,12.500,18.000,True,5.200,0.800,True,0.400,1.000,-0.600
371,kiz,1.000,18.000,12.500,16.000,True,5.200,0.800,True,0.400,1.000,-0.600
372,kiz,0.300,18.000,18.000,17.000,False,0.000,0.100,False,2.400,1.900,0.500
372,kiz,0.500,18.000,16.000,17.000,True,1.900,0.100,False,2.400,1.900,0.500
372,kiz,1.000,18.000,15.500,16.500,True,2.900,0.100,False,2.400,1.900,0.500
373,kiz,0.300,18.000,14.500,17.000,True,0.900,0.200,False,0.100,0.700,-0.600
373,kiz,0.500,18.000,14.000,17.000,True,1.600,0.200,False,0.100,0.700,-0.600
373,kiz,1.000,18.000,13.500,14.500,True,2.800,0.200,False,0.100,0.700,-0.600
374,kiz,0.300,18.000,14.000,16.500,True,2.300,-0.100,False,0.400,0.400,0.000
374,kiz,0.500,18.000,14.000,16.000,True,2.300,-0.100,False,0.400,0.400,0.000
374,kiz,1.000,18.000,13.000,15.000,True,4.100,-0.100,False,0.400,0.400,0.000
375,kiz,0.300,18.000,16.000,15.000,False,0.500,-0.400,False,0.500,0.500,0.000
375,kiz,0.500,18.000,15.500,14.500,False,0.300,-0.400,False,0.500,0.500,0.000
375,kiz,1.000,18.000,12.500,14.000,True,4.200,-0.400,False,0.500,0.500,0.000
376,kiz,0.300,18.000,17.000,15.000,False,-0.300,-0.300,False,0.600,-0.400,1.000
376,kiz,0.500,18.000,17.000,14.500,False,-0.300,-0.300,False,0.600,-0.400,1.000
376,kiz,1.000,18.000,16.000,14.000,False,-0.400,-0.300,False,0.600,-0.400,1.000
377,kiz,0.300,18.000,17.000,16.500,False,0.200,0.200,False,1.300,0.400,0.900
377,kiz,0.500,18.000,13.000,15.500,True,2.800,0.200,False,1.300,0.400,0.900
377,kiz,1.000,18.000,13.000,14.500,True,2.800,0.200,False,1.300,0.400,0.900
378,kiz,0.300,18.000,14.500,17.500,True,3.700,0.300,False,1.400,1.500,-0.100
378,kiz,0.500,18.000,14.500,17.000,True,3.700,0.300,False,1.400,1.500,-0.100
378,kiz,1.000,18.000,14.000,16.500,True,4.800,0.300,False,1.400,1.500,-0.100
379,kiz,0.300,18.000,17.500,16.000,False,0.300,0.100,False,1.700,0.100,1.600
379,kiz,0.500,18.000,15.000,16.000,True,1.900,0.100,False,1.700,0.100,1.600
379,kiz,1.000,18.000,14.000,15.500,True,3.000,0.100,False,1.700,0.100,1.600
380,kiz,0.300,18.000,14.000,18.000,True,5.400,1.300,True,1.400,2.200,-0.800
380,kiz,0.500,18.000,14.000,18.000,True,5.400,1.300,True,1.400,2.200,-0.800
380,kiz,1.000,18.000,13.500,17.500,True,6.900,1.300,True,1.400,2.200,-0.800
381,kiz,0.300,18.000,17.500,17.500,False,0.200,0.400,False,2.000,0.600,1.400
381,kiz,0.500,18.000,17.000,16.500,False,0.400,0.400,False,2.000,0.600,1.400
381,kiz,1.000,18.000,16.500,15.500,False,0.400,0.400,False,2.000,0.600,1.400
382,kiz,0.300,18.000,17.500,15.500,False,0.000,0.000,False,0.500,0.000,0.500
382,kiz,0.500,18.000,16.000,15.000,False,0.000,0.000,False,0.500,0.000,0.500
382,kiz,1.000,18.000,13.500,14.500,True,2.800,0.000,False,0.500,0.000,0.500
383,kiz,0.300,19.000,18.000,14.000,False,0.100,0.100,False,0.100,-0.900,1.000
383,kiz,0.500,19.000,18.000,14.000,False,0.100,0.100,False,0.100,-0.900,1.000
383,kiz,1.000,19.000,13.000,14.000,True,2.200,0.100,False,0.100,-0.900,1.000
384,kiz,0.300,18.000,18.000,14.000,False,0.000,-1.100,False,0.900,-1.200,2.100
384,kiz,0.500,18.000,18.000,13.500,False,0.000,-1.100,False,0.900,-1.200,2.100
384,kiz,1.000,18.000,17.500,13.500,False,-0.700,-1.100,False,0.900,-1.200,2.100
385,kiz,0.300,18.000,14.500,18.000,True,1.200,0.600,True,0.700,0.700,-0.000
385,kiz,0.500,18.000,13.000,17.500,True,3.200,0.600,True,0.700,0.700,-0.000
385,kiz,1.000,18.000,12.500,15.000,True,4.400,0.600,True,0.700,0.700,-0.000
