cinsiyet,program,ayar,medyan_mm,p5_mm,p95_mm,Db,Dg,Mb,Mg,kalan_boy_16,kalan_bacak_16,kalan_govde_16
erkek,P1 Barfiks + asılma,üst sınır,0.0336,0.0124,0.0948,-0.0017,-0.0057,1.0003,1.0011,3.4045,0.3969,2.9923
erkek,P1 Barfiks + asılma,gerçekçi,0.0126,0.0047,0.0356,-0.0017,-0.0057,1.0001,1.0004,3.4045,0.3969,2.9923
erkek,P1 Barfiks + asılma,alt,0.0042,0.0016,0.0119,-0.0017,-0.0057,1.0000,1.0001,3.4045,0.3969,2.9923
erkek,P2 Şınav,üst sınır,0.0102,0.0044,0.0173,0.0014,-0.0022,0.9994,1.0004,3.4045,0.3969,2.9923
erkek,P2 Şınav,gerçekçi,0.0038,0.0016,0.0065,0.0014,-0.0022,0.9998,1.0002,3.4045,0.3969,2.9923
erkek,P2 Şınav,alt,0.0013,0.0005,0.0022,0.0014,-0.0022,0.9999,1.0001,3.4045,0.3969,2.9923
erkek,P3 Esneme,üst sınır,0.0465,0.0182,0.1102,0.0014,-0.0086,0.9994,1.0017,3.4045,0.3969,2.9923
erkek,P3 Esneme,gerçekçi,0.0174,0.0068,0.0413,0.0014,-0.0086,0.9998,1.0006,3.4045,0.3969,2.9923
erkek,P3 Esneme,alt,0.0058,0.0023,0.0138,0.0014,-0.0086,0.9999,1.0002,3.4045,0.3969,2.9923
erkek,P4 Ters asılma,üst sınır,0.0646,0.0233,0.1934,-0.0059,-0.0106,1.0012,1.0021,3.4045,0.3969,2.9923
erkek,P4 Ters asılma,gerçekçi,0.0242,0.0087,0.0725,-0.0059,-0.0106,1.0004,1.0008,3.4045,0.3969,2.9923
erkek,P4 Ters asılma,alt,0.0081,0.0029,0.0242,-0.0059,-0.0106,1.0001,1.0003,3.4045,0.3969,2.9923
erkek,P5 'Boy uzatma rutini',üst sınır,0.1457,0.0541,0.4036,-0.0062,-0.0249,1.0012,1.0050,3.4045,0.3969,2.9923
erkek,P5 'Boy uzatma rutini',gerçekçi,0.0546,0.0203,0.1514,-0.0062,-0.0249,1.0005,1.0019,3.4045,0.3969,2.9923
erkek,P5 'Boy uzatma rutini',alt,0.0182,0.0068,0.0505,-0.0062,-0.0249,1.0002,1.0006,3.4045,0.3969,2.9923
erkek,P6 Koşu,üst sınır,-0.1999,-1.0483,-0.0492,0.0647,0.0085,0.9741,0.9966,3.4045,0.3969,2.9923
erkek,P6 Koşu,gerçekçi,-0.0750,-0.3930,-0.0185,0.0647,0.0085,0.9903,0.9987,3.4045,0.3969,2.9923
erkek,P6 Koşu,alt,-0.0250,-0.1310,-0.0062,0.0647,0.0085,0.9968,0.9996,3.4045,0.3969,2.9923
erkek,P7 Basketbol,üst sınır,-0.4283,-2.1161,-0.1130,0.1214,0.0207,0.9514,0.9917,3.4045,0.3969,2.9923
erkek,P7 Basketbol,gerçekçi,-0.1606,-0.7932,-0.0424,0.1214,0.0207,0.9818,0.9969,3.4045,0.3969,2.9923
erkek,P7 Basketbol,alt,-0.0535,-0.2644,-0.0141,0.1214,0.0207,0.9939,0.9990,3.4045,0.3969,2.9923
erkek,P8 Ağırlık,üst sınır,-0.2492,-0.9638,-0.0784,0.0387,0.0165,0.9845,0.9934,3.4045,0.3969,2.9923
erkek,P8 Ağırlık,gerçekçi,-0.0934,-0.3614,-0.0294,0.0387,0.0165,0.9942,0.9975,3.4045,0.3969,2.9923
erkek,P8 Ağırlık,alt,-0.0311,-0.1204,-0.0098,0.0387,0.0165,0.9981,0.9992,3.4045,0.3969,2.9923
erkek,P9 Aşırı yük,üst sınır,-1.8958,-7.9320,-0.5688,0.3643,0.1157,0.8543,0.9537,3.4045,0.3969,2.9923
erkek,P9 Aşırı yük,gerçekçi,-0.7107,-2.9702,-0.2133,0.3643,0.1157,0.9454,0.9826,3.4045,0.3969,2.9923
erkek,P9 Aşırı yük,alt,-0.2369,-0.9895,-0.0711,0.3643,0.1157,0.9818,0.9942,3.4045,0.3969,2.9923
kiz,P1 Barfiks + asılma,üst sınır,0.0051,0.0019,0.0152,-0.0017,-0.0057,1.0003,1.0011,0.4707,0.0169,0.4534
kiz,P1 Barfiks + asılma,gerçekçi,0.0019,0.0007,0.0057,-0.0017,-0.0057,1.0001,1.0004,0.4707,0.0169,0.4534
kiz,P1 Barfiks + asılma,alt,0.0006,0.0002,0.0019,-0.0017,-0.0057,1.0000,1.0001,0.4707,0.0169,0.4534
kiz,P2 Şınav,üst sınır,0.0019,0.0007,0.0052,0.0014,-0.0022,0.9994,1.0004,0.4707,0.0169,0.4534
kiz,P2 Şınav,gerçekçi,0.0007,0.0003,0.0019,0.0014,-0.0022,0.9998,1.0002,0.4707,0.0169,0.4534
kiz,P2 Şınav,alt,0.0002,0.0001,0.0006,0.0014,-0.0022,0.9999,1.0001,0.4707,0.0169,0.4534
kiz,P3 Esneme,üst sınır,0.0075,0.0028,0.0218,0.0014,-0.0086,0.9994,1.0017,0.4707,0.0169,0.4534
kiz,P3 Esneme,gerçekçi,0.0028,0.0010,0.0082,0.0014,-0.0086,0.9998,1.0006,0.4707,0.0169,0.4534
kiz,P3 Esneme,alt,0.0009,0.0003,0.0027,0.0014,-0.0086,0.9999,1.0002,0.4707,0.0169,0.4534
kiz,P4 Ters asılma,üst sınır,0.0095,0.0035,0.0288,-0.0059,-0.0106,1.0012,1.0021,0.4707,0.0169,0.4534
kiz,P4 Ters asılma,gerçekçi,0.0036,0.0013,0.0108,-0.0059,-0.0106,1.0004,1.0008,0.4707,0.0169,0.4534
kiz,P4 Ters asılma,alt,0.0012,0.0004,0.0036,-0.0059,-0.0106,1.0001,1.0003,0.4707,0.0169,0.4534
kiz,P5 'Boy uzatma rutini',üst sınır,0.0222,0.0081,0.0660,-0.0062,-0.0249,1.0012,1.0050,0.4707,0.0169,0.4534
kiz,P5 'Boy uzatma rutini',gerçekçi,0.0083,0.0030,0.0248,-0.0062,-0.0249,1.0005,1.0019,0.4707,0.0169,0.4534
kiz,P5 'Boy uzatma rutini',alt,0.0028,0.0010,0.0083,-0.0062,-0.0249,1.0002,1.0006,0.4707,0.0169,0.4534
kiz,P6 Koşu,üst sınır,-0.0193,-0.0735,-0.0062,0.0647,0.0085,0.9741,0.9966,0.4707,0.0169,0.4534
kiz,P6 Koşu,gerçekçi,-0.0072,-0.0276,-0.0023,0.0647,0.0085,0.9903,0.9987,0.4707,0.0169,0.4534
kiz,P6 Koşu,alt,-0.0024,-0.0092,-0.0008,0.0647,0.0085,0.9968,0.9996,0.4707,0.0169,0.4534
kiz,P7 Basketbol,üst sınır,-0.0447,-0.1629,-0.0147,0.1214,0.0207,0.9514,0.9917,0.4707,0.0169,0.4534
kiz,P7 Basketbol,gerçekçi,-0.0167,-0.0611,-0.0055,0.1214,0.0207,0.9818,0.9969,0.4707,0.0169,0.4534
kiz,P7 Basketbol,alt,-0.0056,-0.0204,-0.0018,0.1214,0.0207,0.9939,0.9990,0.4707,0.0169,0.4534
kiz,P8 Ağırlık,üst sınır,-0.0317,-0.1033,-0.0111,0.0387,0.0165,0.9845,0.9934,0.4707,0.0169,0.4534
kiz,P8 Ağırlık,gerçekçi,-0.0119,-0.0387,-0.0042,0.0387,0.0165,0.9942,0.9975,0.4707,0.0169,0.4534
kiz,P8 Ağırlık,alt,-0.0040,-0.0129,-0.0014,0.0387,0.0165,0.9981,0.9992,0.4707,0.0169,0.4534
kiz,P9 Aşırı yük,üst sınır,-0.2287,-0.7661,-0.0791,0.3643,0.1157,0.8543,0.9537,0.4707,0.0169,0.4534
kiz,P9 Aşırı yük,gerçekçi,-0.0858,-0.2872,-0.0297,0.3643,0.1157,0.9454,0.9826,0.4707,0.0169,0.4534
kiz,P9 Aşırı yük,alt,-0.0286,-0.0957,-0.0099,0.3643,0.1157,0.9818,0.9942,0.4707,0.0169,0.4534
