yas,boy,oturma_boyu,bacak
13.000,154.938,78.581,76.357
13.100,155.653,78.885,76.767
13.200,156.402,79.211,77.191
13.300,157.185,79.561,77.625
13.400,158.001,79.934,78.067
13.500,158.847,80.331,78.516
13.600,159.717,80.751,78.965
13.700,160.603,81.191,79.412
13.800,161.499,81.648,79.851
13.900,162.393,82.116,80.277
14.000,163.278,82.593,80.686
14.100,164.145,83.072,81.074
14.200,164.986,83.548,81.438
14.300,165.796,84.019,81.777
14.400,166.568,84.479,82.089
14.500,167.301,84.926,82.375
14.600,167.993,85.357,82.636
14.700,168.642,85.771,82.871
14.800,169.250,86.167,83.083
14.900,169.817,86.544,83.274
15.000,170.345,86.901,83.444
15.100,170.836,87.240,83.596
15.200,171.291,87.560,83.731
15.300,171.713,87.862,83.851
15.400,172.104,88.146,83.958
15.500,172.466,88.414,84.052
15.600,172.802,88.665,84.136
15.700,173.112,88.902,84.211
15.800,173.400,89.124,84.276
15.900,173.667,89.333,84.334
16.000,173.914,89.529,84.386
16.100,174.143,89.712,84.431
16.200,174.356,89.885,84.471
16.300,174.553,90.046,84.507
16.400,174.736,90.198,84.538
16.500,174.906,90.341,84.566
16.600,175.064,90.474,84.590
16.700,175.211,90.599,84.612
16.800,175.348,90.717,84.631
16.900,175.475,90.827,84.647
17.000,175.593,90.931,84.662
17.100,175.703,91.028,84.675
17.200,175.806,91.119,84.687
17.300,175.901,91.204,84.697
17.400,175.991,91.284,84.706
17.500,176.074,91.359,84.714
17.600,176.151,91.430,84.721
17.700,176.224,91.496,84.728
17.800,176.291,91.558,84.733
17.900,176.354,91.616,84.738
18.000,176.413,91.671,84.742
18.100,176.468,91.722,84.746
18.200,176.520,91.771,84.749
18.300,176.568,91.816,84.752
18.400,176.613,91.858,84.755
18.500,176.655,91.898,84.757
18.600,176.695,91.935,84.759
18.700,176.731,91.970,84.761
18.800,176.766,92.003,84.763
18.900,176.798,92.034,84.764
19.000,176.828,92.063,84.765
19.100,176.857,92.090,84.766
19.200,176.883,92.116,84.767
19.300,176.908,92.140,84.768
19.400,176.931,92.162,84.769
19.500,176.953,92.183,84.770
19.600,176.974,92.203,84.770
19.700,176.993,92.222,84.771
19.800,177.011,92.239,84.771
19.900,177.027,92.256,84.772
20.000,177.043,92.271,84.772
20.100,177.058,92.286,84.772
20.200,177.072,92.299,84.773
20.300,177.085,92.312,84.773
20.400,177.097,92.324,84.773
20.500,177.108,92.335,84.773
20.600,177.119,92.346,84.773
20.700,177.129,92.355,84.774
20.800,177.138,92.365,84.774
20.900,177.147,92.373,84.774
21.000,177.155,92.382,84.774
21.100,177.163,92.389,84.774
21.200,177.170,92.397,84.774
21.300,177.177,92.403,84.774
21.400,177.184,92.410,84.774
21.500,177.190,92.416,84.774
21.600,177.195,92.421,84.774
21.700,177.200,92.427,84.774
21.800,177.205,92.431,84.774
21.900,177.210,92.436,84.774
22.000,177.214,92.440,84.774
