aralik_ay,sure_ay,k,n_seans,toplam_olcum,guc_govde,ci90_govde,guc_bacak,ci90_bacak
1,6,1,7,7,0.104,4.978,0.065,7.040
1,6,3,7,21,0.135,3.554,0.073,5.027
1,6,5,7,35,0.149,3.194,0.075,4.517
1,12,1,13,13,0.286,1.805,0.104,2.553
1,12,3,13,39,0.450,1.289,0.134,1.823
1,12,5,13,65,0.519,1.158,0.147,1.638
1,18,1,19,19,0.627,1.001,0.169,1.416
1,18,3,19,57,0.861,0.715,0.248,1.011
1,18,5,19,95,0.918,0.643,0.284,0.909
2,6,1,4,4,0.086,7.542,0.061,10.666
2,6,3,4,12,0.104,5.385,0.066,7.616
2,6,5,4,20,0.113,4.840,0.068,6.844
2,12,1,7,7,0.193,2.489,0.084,3.520
2,12,3,7,21,0.289,1.777,0.103,2.513
2,12,5,7,35,0.333,1.597,0.111,2.259
2,18,1,10,10,0.413,1.379,0.127,1.950
2,18,3,10,30,0.638,0.984,0.172,1.392
2,18,5,10,50,0.717,0.885,0.192,1.251
3,6,1,3,3,0.077,14.058,0.060,19.881
3,6,3,3,9,0.088,10.038,0.064,14.195
3,6,5,3,15,0.094,9.021,0.065,12.758
3,12,1,5,5,0.159,3.078,0.078,4.352
3,12,3,5,15,0.228,2.197,0.093,3.108
3,12,5,5,25,0.257,1.975,0.101,2.793
3,18,1,7,7,0.317,1.659,0.107,2.347
3,18,3,7,21,0.496,1.185,0.143,1.676
3,18,5,7,35,0.570,1.065,0.158,1.506
6,12,1,3,3,0.108,7.029,0.069,9.941
6,12,3,3,9,0.136,5.019,0.077,7.098
6,12,5,3,15,0.150,4.511,0.080,6.379
6,18,1,4,4,0.200,2.514,0.089,3.555
6,18,3,4,12,0.295,1.795,0.109,2.539
6,18,5,4,20,0.335,1.613,0.118,2.281
