id,cinsiyet,h1,ht,s0,s1,th,rmse,phv_yas,phv_hiz,kuyruk18,onsele_dahil
201,erkek,179.506,167.430,0.113,0.906,13.790,0.538,12.870,6.715,0.515,True
202,erkek,194.408,177.844,0.103,1.242,13.219,0.952,12.860,11.520,0.087,True
203,erkek,188.805,176.818,0.099,0.869,16.754,0.596,15.940,6.218,5.869,True
204,erkek,179.763,168.750,0.105,1.315,15.683,0.278,15.360,8.061,0.986,True
205,erkek,171.658,158.256,0.099,1.108,13.857,0.424,13.415,8.413,0.268,True
206,erkek,182.401,168.294,0.101,1.166,14.066,0.932,13.660,9.268,0.283,True
207,erkek,173.683,159.674,0.103,0.994,13.810,0.864,13.195,8.121,0.425,True
208,erkek,185.478,175.244,0.102,1.353,17.039,0.455,16.750,7.652,4.288,True
209,erkek,178.917,168.832,0.107,0.848,16.690,0.726,8.000,5.510,4.818,False
210,erkek,190.793,177.937,0.111,1.085,14.217,0.371,13.660,8.116,0.415,True
211,erkek,173.557,161.704,0.110,1.206,14.018,0.263,13.595,8.130,0.192,True
212,erkek,172.661,162.960,0.118,1.343,14.992,0.277,14.635,7.362,0.333,True
213,erkek,185.814,169.772,0.098,0.914,13.320,0.439,12.610,8.628,0.435,True
214,erkek,179.253,168.118,0.104,1.447,15.706,0.319,15.455,8.847,0.770,True
215,erkek,177.486,162.296,0.111,1.132,11.808,0.583,11.310,9.919,0.027,True
216,erkek,183.447,173.562,0.133,1.145,13.975,0.558,13.335,6.792,0.194,True
217,erkek,180.729,167.894,0.099,0.890,15.265,0.666,14.500,6.772,2.020,True
218,erkek,178.864,167.119,0.107,0.927,15.177,0.767,14.390,6.526,1.560,True
219,erkek,174.636,162.318,0.097,1.013,15.048,0.721,14.510,7.160,1.160,True
220,erkek,180.796,167.223,0.108,1.187,13.626,0.627,13.200,9.155,0.150,True
221,erkek,188.189,173.853,0.112,1.140,12.956,0.406,12.460,9.422,0.091,True
222,erkek,170.776,158.185,0.101,1.075,14.844,0.712,14.355,7.733,0.809,True
223,erkek,182.016,170.914,0.107,1.189,15.671,0.672,15.250,7.493,1.289,True
224,erkek,189.954,174.210,0.098,0.923,13.961,0.719,13.270,8.530,0.731,True
225,erkek,182.955,169.320,0.104,1.082,14.202,0.740,13.690,8.476,0.438,True
226,erkek,186.016,170.807,0.102,0.961,13.281,0.805,12.620,8.580,0.320,True
227,erkek,182.713,170.903,0.109,0.810,14.944,0.834,13.775,6.015,1.779,True
228,erkek,179.005,166.369,0.112,1.277,12.975,0.365,12.595,9.122,0.041,True
229,erkek,183.665,169.150,0.104,1.027,13.220,0.526,12.645,8.649,0.212,True
230,erkek,183.233,169.166,0.110,1.051,13.582,0.792,12.995,8.637,0.267,True
231,erkek,177.338,163.656,0.116,1.146,12.260,0.755,11.745,9.103,0.038,True
232,erkek,175.122,163.369,0.114,1.185,14.000,0.559,13.535,8.003,0.202,True
233,erkek,180.679,167.418,0.107,0.993,14.170,0.561,13.520,7.747,0.572,True
234,erkek,161.498,150.806,0.107,1.251,14.752,0.490,14.380,7.518,0.359,True
235,erkek,176.776,164.729,0.111,0.848,14.468,0.678,13.400,6.373,1.120,True
236,erkek,176.847,162.598,0.106,1.081,13.082,0.506,12.565,8.870,0.139,True
237,erkek,186.476,168.490,0.094,1.004,12.431,0.526,11.905,10.311,0.134,True
238,erkek,182.793,169.108,0.096,0.940,15.278,0.588,14.640,7.473,1.928,True
251,erkek,177.563,165.619,0.100,1.046,15.394,0.341,14.875,7.165,1.443,True
252,erkek,174.763,161.101,0.100,0.990,13.841,0.952,13.245,7.846,0.434,True
253,erkek,183.466,169.231,0.094,0.896,15.064,0.865,14.365,7.467,1.872,True
254,erkek,170.057,156.736,0.104,1.157,13.291,0.355,12.860,8.740,0.114,True
255,erkek,175.513,161.630,0.097,0.971,13.970,0.701,13.380,7.796,0.539,True
256,erkek,171.379,160.508,0.104,1.082,15.108,0.766,14.600,6.756,0.898,True
257,erkek,186.848,173.324,0.101,0.831,15.266,1.044,14.305,6.841,2.458,True
258,erkek,184.822,174.199,0.107,1.205,15.954,0.673,15.545,7.250,1.633,True
259,erkek,170.359,158.576,0.102,1.055,14.465,0.572,13.940,7.147,0.548,True
260,erkek,173.326,162.254,0.110,1.228,14.465,0.381,14.060,7.709,0.283,True
261,erkek,194.584,178.957,0.106,1.069,13.202,0.610,12.665,9.664,0.183,True
262,erkek,181.649,169.684,0.111,1.293,14.818,0.662,14.460,8.704,0.382,True
263,erkek,181.238,166.360,0.107,1.128,12.813,0.522,12.335,9.616,0.085,True
264,erkek,167.397,157.350,0.115,1.451,14.603,0.425,14.315,8.105,0.144,True
265,erkek,180.408,165.746,0.110,1.216,12.262,0.438,11.850,10.119,0.027,True
266,erkek,174.828,162.056,0.100,1.253,14.390,0.856,14.050,8.916,0.273,True
267,erkek,192.606,176.771,0.102,1.079,13.306,0.532,12.810,9.789,0.197,True
268,erkek,177.507,165.697,0.103,1.055,14.784,0.606,14.250,7.177,0.759,True
269,erkek,181.379,166.050,0.089,1.115,14.685,0.588,14.310,9.514,0.736,True
270,erkek,174.779,159.955,0.097,1.157,13.323,0.754,12.930,9.624,0.131,True
271,erkek,170.790,158.459,0.107,1.326,13.092,0.244,12.765,9.120,0.037,True
272,erkek,191.142,173.510,0.091,0.531,13.161,0.854,8.000,6.767,2.418,False
273,erkek,181.016,167.770,0.112,1.158,13.624,0.489,13.150,8.815,0.165,True
274,erkek,172.561,158.811,0.104,1.146,13.855,0.427,13.415,8.951,0.235,True
275,erkek,183.827,169.155,0.103,1.018,12.781,0.496,12.200,8.675,0.143,True
276,erkek,180.285,167.640,0.122,1.078,12.742,0.454,12.095,8.117,0.087,True
277,erkek,178.905,166.245,0.121,1.078,12.710,0.693,12.070,8.111,0.084,True
278,erkek,177.811,164.260,0.102,0.899,13.970,0.569,13.190,7.261,0.695,True
301,kiz,158.601,148.257,0.134,1.210,11.245,0.258,10.680,7.424,0.006,True
302,kiz,166.482,154.300,0.119,0.865,12.146,0.484,10.995,6.692,0.152,True
303,kiz,161.719,152.084,0.160,1.300,10.452,0.512,9.830,7.647,0.001,True
304,kiz,167.784,156.962,0.126,1.015,12.258,0.325,11.450,6.725,0.063,True
305,kiz,171.094,158.481,0.114,0.846,12.597,0.604,11.470,6.725,0.256,True
306,kiz,164.742,151.427,0.112,1.058,11.911,0.301,11.310,8.263,0.042,True
307,kiz,167.305,155.521,0.123,1.070,11.983,0.537,11.305,7.553,0.037,True
308,kiz,165.007,154.720,0.112,0.888,14.407,0.411,13.460,5.617,0.797,True
309,kiz,162.979,152.950,0.131,1.319,12.365,0.173,11.930,7.649,0.012,True
310,kiz,182.370,166.861,0.118,0.896,10.650,0.540,9.640,8.667,0.043,True
311,kiz,167.486,154.847,0.131,0.905,11.382,0.458,10.160,7.421,0.063,True
312,kiz,164.308,153.050,0.130,1.200,11.520,0.261,10.975,7.965,0.009,True
313,kiz,173.326,161.856,0.136,1.148,11.673,0.379,11.010,7.950,0.016,True
314,kiz,163.130,149.942,0.117,1.248,11.694,0.421,11.270,9.410,0.010,True
315,kiz,167.382,158.353,0.127,1.220,14.031,0.480,13.525,6.434,0.140,True
316,kiz,168.396,153.186,0.116,1.078,10.832,0.423,10.225,9.657,0.013,True
317,kiz,163.151,152.710,0.128,1.142,12.315,0.346,11.710,7.084,0.031,True
318,kiz,155.112,146.547,0.120,1.059,14.221,0.474,13.555,5.406,0.304,True
319,kiz,170.541,160.157,0.125,1.018,13.298,0.420,12.510,6.442,0.170,True
320,kiz,170.199,157.736,0.136,0.997,11.418,1.204,10.440,7.862,0.035,False
321,kiz,176.112,164.432,0.122,0.780,13.236,0.600,11.535,6.140,0.546,True
322,kiz,156.146,144.787,0.105,0.850,12.784,0.496,11.815,5.907,0.265,True
323,kiz,160.295,148.158,0.133,1.162,10.516,0.268,9.895,8.433,0.004,True
324,kiz,170.536,159.940,0.145,1.108,11.318,0.482,10.510,7.309,0.013,True
325,kiz,156.514,145.109,0.117,1.173,12.430,0.362,11.940,7.739,0.033,True
326,kiz,164.775,151.885,0.124,1.260,11.040,0.530,10.590,9.370,0.004,True
327,kiz,169.787,157.070,0.119,0.939,11.860,0.403,10.955,7.355,0.079,True
328,kiz,171.419,159.366,0.135,1.165,11.598,0.339,10.970,8.424,0.014,True
329,kiz,160.812,151.779,0.124,0.957,13.865,0.446,12.940,5.366,0.335,True
330,kiz,163.470,150.529,0.125,1.031,11.089,0.702,10.325,8.102,0.021,True
331,kiz,168.973,158.831,0.135,1.137,12.755,0.635,12.080,6.970,0.052,True
332,kiz,171.619,161.211,0.138,1.088,12.272,0.484,11.490,6.976,0.041,True
333,kiz,162.162,150.582,0.127,1.185,11.588,0.418,11.040,8.073,0.012,True
334,kiz,166.447,154.917,0.127,1.004,11.749,0.429,10.900,7.136,0.043,True
335,kiz,156.952,147.172,0.137,1.258,11.979,0.657,11.455,7.256,0.010,True
351,kiz,181.891,167.202,0.108,0.881,12.998,0.946,12.085,7.892,0.351,True
352,kiz,158.082,146.100,0.110,0.954,12.461,0.584,11.700,6.852,0.120,True
353,kiz,165.241,155.300,0.136,1.084,12.050,0.398,11.285,6.613,0.031,True
354,kiz,166.280,154.151,0.115,1.251,11.963,0.399,11.555,8.636,0.013,True
355,kiz,156.729,145.208,0.108,0.925,13.219,0.381,12.425,6.398,0.271,True
356,kiz,168.035,155.996,0.115,1.093,12.590,0.392,12.015,7.708,0.065,True
357,kiz,165.086,154.695,0.125,1.044,12.511,0.280,11.770,6.570,0.067,True
358,kiz,163.524,153.543,0.158,1.365,10.898,0.344,10.365,8.163,0.001,True
359,kiz,173.686,162.388,0.119,0.967,13.264,0.397,12.435,6.662,0.227,True
360,kiz,163.416,151.416,0.120,1.058,11.699,0.431,11.040,7.564,0.030,True
361,kiz,168.877,157.676,0.133,1.008,11.980,0.439,11.070,7.055,0.052,True
362,kiz,170.316,158.496,0.120,1.067,11.892,0.434,11.240,7.508,0.035,True
363,kiz,165.820,154.070,0.118,1.000,12.463,0.471,11.710,7.087,0.092,True
364,kiz,164.292,153.496,0.120,0.996,13.222,0.452,12.435,6.530,0.182,True
365,kiz,176.079,163.246,0.130,0.879,11.620,0.237,10.310,7.388,0.093,True
366,kiz,170.852,157.636,0.119,0.995,11.627,0.411,10.855,7.957,0.046,True
367,kiz,169.122,156.065,0.123,0.935,11.237,0.443,10.265,7.618,0.047,True
368,kiz,171.405,157.928,0.131,1.154,10.520,0.528,9.905,9.280,0.005,True
369,kiz,162.834,149.632,0.114,0.883,11.387,0.277,10.390,7.228,0.076,True
370,kiz,154.517,142.628,0.112,0.964,12.168,0.476,11.410,6.879,0.085,True
371,kiz,172.026,158.683,0.117,1.148,11.318,0.369,10.800,8.904,0.012,True
372,kiz,176.859,164.288,0.106,0.791,14.072,0.816,12.870,6.261,1.053,True
373,kiz,167.395,157.040,0.132,1.214,12.379,0.269,11.840,7.409,0.022,True
374,kiz,163.731,152.216,0.125,1.209,11.872,0.396,11.370,8.111,0.014,True
375,kiz,161.878,150.006,0.130,1.093,11.382,0.433,10.685,7.838,0.017,True
376,kiz,161.349,147.979,0.115,0.953,11.289,0.553,10.470,7.724,0.045,True
377,kiz,152.895,140.250,0.116,0.955,10.846,0.649,10.015,7.346,0.027,True
378,kiz,177.228,163.411,0.110,1.114,12.835,0.328,12.325,8.881,0.087,True
379,kiz,169.359,157.321,0.118,0.959,12.374,0.462,11.525,7.052,0.109,True
380,kiz,173.274,159.887,0.108,0.981,12.598,0.278,11.915,7.771,0.133,True
381,kiz,165.940,155.784,0.129,1.023,12.584,0.577,11.765,6.388,0.079,True
382,kiz,166.019,154.365,0.122,1.095,12.062,0.425,11.435,7.577,0.035,True
383,kiz,162.918,152.438,0.137,0.931,11.388,0.362,10.145,6.394,0.044,True
384,kiz,167.945,158.293,0.150,1.142,11.494,0.409,10.700,6.877,0.011,True
385,kiz,168.751,157.600,0.139,1.029,11.364,0.342,10.440,7.227,0.024,True
