cinsiyet,aralik,n,ortalama_cm,p10_cm,medyan_cm,p90_cm,maks_cm,P(>2cm)
erkek,16.0->18,66,3.188,0.850,2.300,6.700,14.300,0.576
erkek,16.5->18,66,1.988,0.500,1.600,4.250,11.000,0.288
erkek,17.0->18,66,1.117,0.250,0.850,2.150,6.700,0.121
erkek,17.5->18,66,0.512,0.000,0.400,1.000,2.800,0.030
erkek,18->son ölçüm (ort 19.3 yaş),41,0.961,0.100,0.800,2.100,4.500,0.122
kiz,16.0->18,70,0.803,0.100,0.700,1.700,2.400,0.057
kiz,16.5->18,70,0.520,0.000,0.450,1.100,1.800,0.000
kiz,17.0->18,70,0.317,-0.120,0.300,0.800,1.400,0.000
kiz,17.5->18,70,0.171,-0.100,0.200,0.410,0.700,0.000
kiz,18->son ölçüm (ort 19.0 yaş),11,0.100,-0.200,0.200,0.300,0.400,0.000
