olcum_kosulu,tek_olcum_hatasi_sd_cm,aralik_ay,hiz_hatasi_sd_cm_yil
"dikkatli (sabah, stadiometre, 3 ölçüm ort.)",0.300,3,1.697
"dikkatli (sabah, stadiometre, 3 ölçüm ort.)",0.300,6,0.849
"dikkatli (sabah, stadiometre, 3 ölçüm ort.)",0.300,12,0.424
"tek ölçüm, stadiometre",0.500,3,2.828
"tek ölçüm, stadiometre",0.500,6,1.414
"tek ölçüm, stadiometre",0.500,12,0.707
saat kontrolsüz / duvara işaret,0.650,3,3.677
saat kontrolsüz / duvara işaret,0.650,6,1.838
saat kontrolsüz / duvara işaret,0.650,12,0.919
