yas,test,deger,birim,lab_alt,lab_ust,neden_secildi,lab_durum,yayinlanmis_esik,esige_gore
16.2,25-OH D vitamini,18.73,ng/mL,,,"kemik ve kalsiyum emilimi; beslenme araştırmasındaki ""eksik bırakma"" maddesi",laboratuvar aralık vermemiş,≥ 20 ng/mL nüfusun %97.5'inin ihtiyacını karşılar (IOM 2011),eşiğin altında
16.2,Ferritin,16.9,µg/L,23.9,336.2,demir deposu; büyüme atağında azalabilir,laboratuvar aralığının altında,"< 15 µg/L demir eksikliği (DSÖ 2020, 10-19 yaş, iltihap yok, CRP normal)",eksiklik eşiğinin üstünde (sınırda)
16.2,Demir,107.0,µg/dL,70.0,180.0,demir durumu (ferritinle birlikte okunur),laboratuvar aralığında,,
16.2,Demir bağlama kapasitesi (TDBK),295.0,µg/dL,155.0,355.0,transferrin doygunluğu hesabı için,laboratuvar aralığında,,
16.2,Hemoglobin,15.6,g/dL,12.0,16.8,kansızlık var mı,laboratuvar aralığında,,
16.2,MCV,86.6,fL,80.0,100.0,demir eksikliğinde küçülür,laboratuvar aralığında,,
16.2,Fosfor,4.9,mg/dL,2.5,4.5,kemik büyümesiyle ilişkili; laboratuvar yetişkin aralığı kullanıyor,laboratuvar aralığının üstünde,,
16.2,Kalsiyum,10.29,mg/dL,8.8,10.6,kemik mineralizasyonu,laboratuvar aralığında,,
16.2,TSH,1.668,mIU/L,0.38,5.33,tiroid (büyüme yavaşlamasının tedavi edilebilir nedeni),laboratuvar aralığında,,
16.2,Serbest T4,0.77,ng/dL,0.6,1.34,tiroid,laboratuvar aralığında,,
16.2,CRP,0.27,mg/L,0.0,5.0,iltihap/kronik hastalık; ferritin eşiğini belirler,laboratuvar aralığında,,
16.2,ALT,16.0,U/L,0.0,50.0,kronik karaciğer hastalığı dışlama,laboratuvar aralığında,,
16.2,AST,20.0,U/L,0.0,50.0,kronik karaciğer hastalığı dışlama,laboratuvar aralığında,,
16.2,Kreatinin,0.69,mg/dL,0.67,1.17,kronik böbrek hastalığı dışlama,laboratuvar aralığında,,
16.2,B12 vitamini,363.0,ng/L,222.0,1439.0,beslenme yeterliliği,laboratuvar aralığında,,
16.2,Folik asit,5.8,µg/L,3.9,,beslenme yeterliliği,laboratuvar aralığında,,
16.8,Hemoglobin,15.7,g/dL,12.0,17.5,kansızlık izlemi,laboratuvar aralığında,,
16.8,MCV,89.0,fL,82.0,98.0,demir eksikliği izlemi,laboratuvar aralığında,,
16.8,MCHC,31.7,g/dL,32.0,36.0,demir eksikliği izlemi,laboratuvar aralığının altında,,
16.9,Hemoglobin,16.1,g/dL,12.0,16.8,kansızlık izlemi,laboratuvar aralığında,,
16.9,MCV,87.3,fL,80.0,100.0,demir eksikliği izlemi,laboratuvar aralığında,,
16.9,MCHC,33.4,g/dL,32.0,36.0,demir eksikliği izlemi,laboratuvar aralığında,,
